stock_code,corp_name,induty_code
036720,한빛네트,58221
040130,엔플렉스,58221
055000,동서정보기술,58221
032600,애드모바일,58221
056140,리더컴,26410
012400,허메스홀딩스,26429
045880,유티엑스,26410
037830,글로포스트,58221
030390,쏠라엔텍,46599
041320,보홍,46521
078420,동북아1호선박투자회사,71531
046350,에듀아크,2622
013650,데코,14112
015390,엘앤씨피,20491
019640,희훈디앤지,42
058690,퓨쳐인포넷,58221
035400,쓰리디넷,58221
024100,제일저축은행,64131
026540,제일창업투자,64209
016510,현대DSF,47111
950030,네프로아이티,63991
036790,자강,2642
038830,케이엠에스,2642
020070,에버리소스,46510
037110,제이에스,2642
007490,태창기업,13401
017300,에이치비이에너지,26
056850,코어비트,58221
082110,동북아8호선박투자회사,71531
045760,한국통신데이타,58221
062730,케너텍,291
055250,다휘,291
022520,코오롱아이넷,58221
004620,캠브리지코오롱,14111
089240,네오세미테크,2612
045260,디에이치패션,467
032380,핸디소프트,58221
009690,케이엠에이치,28302
035710,씨엘엘씨디,47919
114410,현대푸드시스템,56130
012420,메리츠종합금융,64919
034660,제넥셀세인,27111
065340,쓰리디월드,26
043680,스톰이앤에프,5911
035010,소예,467
048640,엠엔에프씨,22214
103150,하이트맥주,11
066690,보광티에스,2592
040740,아인스엠앤엠,59111
038420,씨엔씨엔터프라이즈,292
084810,아이알디,29271
067850,바이나믹,59114
086720,코크렙제7호위탁관리부동산투자회사,68112
054170,엔빅스,62021
054010,선팩테크,2629
001190,마이크로닉스,13109
033720,블루스톤디앤아이,58221
078700,신지소프트,58221
076850,맥쿼리센트럴오피스기업구조조정부동산투자회사,68112
048510,테스텍,29271
030030,중앙디자인,73201
042870,에코페트로시스템,46800
021060,한림창업투자,64209
036270,헤쎄나,2642
037510,미래에셋굿라이프혼합형자녀를위한투자회사10-1,64201
032030,일공공일안경콘택트,46493
043630,지앤알,27112
013240,셀런,26
093820,한국베트남15-1유전해외자원개발투자회사,64201
052310,에이치원바이오,58221
008400,씨앤중공업,30203
001370,FnC코오롱,1419
017010,제너비오믹스,27214
011050,케드콤,2642
065410,지엔텍홀딩스,74100
044640,동부씨엔아이,58221
051820,아이피에스,29271
046240,에스브이에이치,58221
060750,제이콤,2642
043790,옥션,4610
088020,네이쳐글로벌,2611
094950,GB블루오션베트남주식혼합형투자회사1호,64201
052210,엠씨티티코어,26410
032930,에이스앤파트너스,2642
061050,지앤디윈텍,2642
014010,인터피온반도체,2612
007800,솔로몬저축은행,64131
046320,엠트론스토리지테크놀로지,46510
031800,에스티앤아이,2611
060670,유퍼트,2811
074140,엑스로드,26429
068770,선우중공업,292
003020,남양,13922
015940,엘지데이콤,61210
045820,LG파워콤,61210
031960,동산진흥,14111
067950,티이씨,292
008320,한국기술산업,28302
017050,스타맥스,59111
024870,유성티에스아이,259
058550,네오리소스,2642
035950,케이알,2511
000790,씨앤상선,50112
058900,투미비티,58221
039990,코아정보시스템,62021
066340,케이에스리소스,2642
047600,세계투어,75210
122290,동양밸류오션기업인수목적,64999
077960,케이이엔지,29271
063280,사이버패스,58221
079870,산양전기,2622
032150,으뜸상호저축은행,64132
080570,국제개발,41224
004230,세신,25931
084160,골든브릿지더블유엠경매부동산일호투자회사,64209
061140,엘앤피아너스,26
038690,에이스일렉트로닉스,2622
090090,디앤샵,4791
054120,더체인지,2811
105380,다산자기관리부동산투자회사,6811
035500,써니트렌드,59111
054650,뉴젠비아이티,4659
033880,룩소네이트,14120
042100,현대오토넷,2629
016990,LG마이크론,2629
001600,서광건설산업,41221
036660,플러스프로핏,58111
037020,한와이어리스,62090
049690,포휴먼,715
023670,알이네트웍스,28303
101790,케이알제2호개발전문위탁관리부동산투자회사,68129
094520,미래에셋맵스오퍼튜니티베트남주식혼합형투자회사1호,64999
088960,씨티엘테크,263
052650,이디디컴퍼니,2642
032390,케이티프리텔,61220
035830,메카포럼,90191
048130,에스피코프,46800
045400,이롬텍,26
047450,이앤텍,26321
088810,맥스브로,2224
037700,토자이홀딩스,4659
013200,우방,4111
023020,동양매직,28519
900020,코웰이홀딩스유한공사,64992
078670,아구스,26
007480,대한은박지,24222
073130,인스프리트,58221
079340,하이럭스,26211
053070,트리니티,2642
032570,카라반케이디이,26310
045380,더존디지털웨어,58221
080140,디보스,26
045290,포네이처,2811
076090,테이크시스템즈,29272
033190,폴켐,2219
007050,유리이에스,29230
047370,에프아이투어,2642
085680,모빌탑,58221
052970,올리브나인,59114
030420,디패션,63991
025970,알덱스,24222
016160,오라바이오틱스,26
037320,시노펙스그린테크,46510
059720,야호커뮤니케이션,63991
048760,브이케이,28202
063350,팬택앤큐리텔,2642
025460,팬텀엔터테인먼트그룹,73901
052560,삼성수산,03112
084240,동북아15호선박투자회사,71531
033260,쌈지,15121
018890,브이오산업,2229
041800,코디콤,26
052640,제네시스엔알디,62021
080410,동북아6호선박투자회사,71531
041450,인네트,62021
098150,한국월드와이드아시아태평양특별자산1호투자회사,64201
039350,헤파호프코리아,27199
006210,휴리프,26
057100,하이스마텍,58221
108070,삼성디지털이미징,27
037150,씨제이인터넷,5821
056200,엠넷미디어,58221
045710,온미디어,64992
039040,유니텍전자,4659
019430,위더스기술금융,64209
037550,클라스타,58221
052810,아시아미디어홀딩스,58221
056010,아이스테이션,263
088010,동북아21호선박투자회사,71531
036550,에이스디지텍,26211
007830,부산저축은행,64132
068630,에피밸리,2642
053470,오페스,26410
047710,액티투오,2642
038920,에이치에스씨홀딩스,58221
027840,한국고덴시,2612
036850,나리지*온,2612
014420,프로비타,26
069470,제로원인터랙티브,63991
000610,제일화재해상보험,65121
083120,동북아9호선박투자회사,71531
051530,굿이엠지,59201
066850,아이드림,27
004820,조인에너지,467
048140,태광이엔시,28123
004790,렉스엘이앤지,26
093400,코리아퍼시픽05호선박투자회사,76190
048460,엑큐리스,2622
025920,우경,2419
081220,세미텍,2612
000470,그린손해보험,65121
040180,대양글로벌,62021
046720,엔하이테크,2612
073930,제너시스템즈,58221
015050,엘트온,26211
036210,태산엘시디,26211
012090,성원건설,41221
004550,대우송도개발,45110
018410,현대금속,25932
034010,트라이써클,85503
126680,아이비케이에스스마트에스엠이기업인수목적1호,6619
037540,네스테크,27212
080980,동북아5호선박투자회사,71531
101990,파브코,30
122750,우리기업인수목적1호,6619
054150,뉴젠아이씨티,46510
041630,인젠,58221
036920,지앤에스티,46103
090540,코크렙제8호위탁관리부동산투자회사,68112
003640,유니온스틸,24122
001670,경남모직,13212
121910,대우증권그린코리아기업인수목적회사,64999
033850,지노시스템,58222
123290,한국투자신성장1호기업인수목적회사,66199
066060,휴먼텍코리아,72129
071660,에스에스씨피,2049
089480,평산,25912
036610,지디코프,59114
081190,아시아퍼시픽2호선박투자회사,76190
034510,무한투자,64209
128910,동부티에스블랙펄기업인수목적,66199
053040,블루젬디앤씨,204
123300,부국퓨쳐스타즈기업인수목적,64
049000,예당컴퍼니,59201
032420,터보테크,2642
008540,케이비물산,14120
900030,연합과기공고유한공사,64992
012410,글로스텍,2611
950070,중국고섬공고유한공사,6499
093410,코리아퍼시픽06호선박투자회사,76190
010670,나노트로닉스,27212
121950,미래에셋제1호기업인수목적,6619
037380,에이원마이크로,141
045470,에이프로테크놀로지,27216
110310,모린스,2629
091690,디지텍시스템스,263
011800,배명금속,24122
080970,동북아4호선박투자회사,71531
040020,사라콤,2642
065610,폴리플러스,20202
085990,영찬테크,29271
149130,케이비부국제1호개발전문위탁관리부동산투자회사,68121
081930,아시아퍼시픽8호선박투자회사,76190
007200,진흥저축은행,64131
009010,에듀언스,85501
900150,성융광전투자유한공사,6499
066300,샤인시스템,22211
081090,씨모텍,2642
014900,에스컴,68112
080180,아시아퍼시픽1호선박투자회사,76190
081200,아시아퍼시픽3호선박투자회사,76190
025610,한국저축은행,64131
056710,미리넷,26410
900010,3노드디지탈그룹유한공사,64992
038720,유일엔시스,29271
064420,케이피케미칼,20111
041030,이루넷,5811
123550,대신증권그로쓰알파기업인수목적,64999
071530,유에이블,15129
019120,경윤하이드로에너지,291
004010,롯데미도파,47111
124050,한화에스브이명장제1호기업인수목적,66
019260,셀텍,13101
123910,에스비아이앤솔로몬드림기업인수목적,64999
056810,위다스,26429
008080,에스와이코퍼레이션,27
042820,어울림네트웍스,2642
038120,에이디모터스,27199
037240,평안물산,261
013780,아큐텍,2629
123160,히든챔피언제1호기업인수목적,649
080030,동북아2호선박투자회사,71531
105070,금강제강,24312
041060,아라온테크,58221
053000,우리금융지주,64992
042340,대국,46800
034600,글로웍스,58221
900060,중국식품포장유한공사,64992
080960,동북아3호선박투자회사,71531
035450,지아이바이오,62021
046430,알에스넷,4659
072530,나이스메탈,2611
003330,하나IB증권,66121
042570,퓨쳐비젼,26
045310,이레전자산업,2642
047420,레이더스컴퍼니,58221
038810,포이보스,18200
053890,미디어코프,5811
073780,케이디세코,26
066200,이노블루,46521
078610,도움,2642
081500,엑스씨이,58221
011020,코오롱유화,20202
050600,세라온홀딩스,263
083160,현대경매부동산일호투자회사,64201
060550,우수씨엔에스,14120
093730,동북아31호선박투자회사,71531
032050,후야인포넷,26410
036900,이레아이엔씨,29180
005330,카스코,30
064720,모델라인,2642
035270,청람디지탈,2642
041940,한텔,2642
053170,코스모스피엘씨,58221
071360,나노하이텍,26211
036360,쓰리소프트,58221
038410,트라이콤,46510
036760,케이엔에스홀딩스,263
076170,지비에스,25933
065910,피더블유제네틱스,62021
054440,엠텍반도체,29221
056060,세니콘,2642
065810,유씨아이콜스,58221
073530,코크렙제3호CR리츠,68112
057110,아이티센네트웍스,62021
072450,리얼티코리아제1호기업구조조정부동산투자,68112
003990,BHK,46800
048270,포넷,5811
009890,맥슨텔레콤,2642
032590,엔토리노,2642
033330,두림티앤씨,22214
089170,동북아27호선박투자회사,71531
089180,동북아28호선박투자회사,71531
089200,동북아30호선박투자회사,71531
089190,동북아29호선박투자회사,71531
038960,현주컴퓨터,26310
012990,LG석유화학,20111
058680,오브제,14112
009790,휴닉스,2622
066330,세이프아시아,75310
067910,코크렙제1호기업구조조정부동산투자회사,68112
005760,위너스인프라인,1419
015670,AP우주통신,26
044370,조이토토,58221
060660,한도하이테크,62021
055970,에너윈,62090
073470,유레스메리츠제1호,68112
064900,교보메리츠퍼스트기업구조조정부동산투자회사,68119
085450,굿앤리치부동산공경매투자회사1호,64201
025830,한국합섬,13213
088510,굿앤리치부동산공경매투자회사2호,64201
016040,디에스피이엔티,30
037060,시큐어소프트,58221
001830,동부일렉트로닉스,2612
003660,고려시멘트,23311
060410,베스트플로우,73901
056020,쿨투,27199
012460,우영,26
041310,모빌링크텔레콤,58221
010200,극동제혁,15110
025450,한마음상호저축은행,64131
009220,그로웰전자,2642
003930,부흥,14111
009080,퍼시픽글라스,23192
008780,아이인프라,2629
016970,씨크롭,25119
038400,외환신용카드,64913
033210,삼화기연,2811
037250,대흥멀티미디어통신,2642
018180,텔슨정보통신,2642
036820,비이티,26410
063510,코오롱인터내셔널,46800
037750,엔써커뮤니티,62021
039000,써미트테크놀로지,263
027440,코리아이앤디,28202
038050,트래픽아이티에스,28901
035870,호성,13992
037220,넥스텔,58221
037730,쓰리알,26
035780,그로웰텔레콤,26410
001150,서통,20202
043690,테크메이트,2642
036020,한아시스템,26410
053250,엔에스아이,263
055810,케이티씨텔레콤,2642
054530,신한SIT,72919
004190,스마텔,2629
025690,동방라이텍,28410
008030,아이텍스필,1419
032180,이수세라믹,2629
070540,코크렙제2호기업구조조정부동산투자회사,68112
002850,영풍산업,06200
048150,모닷텔,2642
003590,광덕물산,14111
005890,동원증권,66121
054080,우주통신,2642
019930,기라정보통신,2642
027350,텔슨전자,26410
048540,하이콤정보통신,62021
037500,미래에셋굿라이프혼합형자녀를위한펀드5-1,64201
006150,한메엔에스,2622
038980,이지클럽,4610
037010,넷컴스토리지,263
046000,모디아,62021
037650,성진산업,25932
038100,아이엠아이티,58221
036880,맥시스템,26410
056500,슈마일렉트론,263
006750,센추리,29172
009360,베네데스하이텍,46800
032610,에스오케이,75310
036910,세원텔레콤,2642
036060,한강구조조정기금,66199
036590,케이엔티,291
009940,대아리드선,2629
031150,국민은행,64121
047610,월드텔레콤,26
054370,업필,26410
045920,화림모드,14112
000380,대아건설,41221
042960,창민테크,27215
049370,씨제이엔터테인먼트,59130
027700,대백쇼핑,47111
036600,지니웍스,13219
001580,신광기업,28410
023420,유진종합개발,23322
066480,휘튼,85701
031970,엠바이엔,263
002950,두산건설,41221
001980,대호,41221
037120,한신코퍼레이션,59112
010730,금강화섬,13103
001280,우리증권,66121
039580,피코소프트,58221
035960,바이오시스,27111
039390,윌텍정보통신,2642
002930,삼도물산,46413
035910,현대멀티캡,26310
144630,씨아이에스,292
090970,코리아퍼시픽01호선박투자회사,76190
090980,코리아퍼시픽02호선박투자회사,76190
086830,신양오라컴디스플레이,264
037620,미래에셋증권,66121
050640,이룸지엔지,58221
194860,에스와이이노베이션,22232
090990,코리아퍼시픽03호선박투자회사,76190
091000,코리아퍼시픽04호선박투자회사,76190
050050,유아이에너지,26410
083610,아시아퍼시픽14호선박투자회사,76190
083600,아시아퍼시픽13호선박투자회사,76190
083570,아시아퍼시픽10호선박투자회사,76190
204760,현대에이블기업인수목적1호,661
083580,아시아퍼시픽11호선박투자회사,76190
083590,아시아퍼시픽12호선박투자회사,76190
004320,호반산업,41221
082930,실리콘화일,2611
058370,비엔씨컴퍼니,46721
083360,동북아11호선박투자회사,761
083390,동북아14호선박투자회사,761
074130,디아이디,26211
025270,부산방직공업,131
034750,현대에이치씨엔동작방송,60222
065270,플렉스컴,262
160350,웹솔루스,58221
088700,마이스코,25912
222520,솔트웍스,58222
011720,현대페인트,20411
117930,한진해운,501
045050,글라소울,28123
025930,팬택자산관리,2642
068150,케이엔씨글로벌,424
078780,아이디에스,262
017170,훈영,591
007190,한솔아트원제지,171
074150,엠제이비,42
092630,바다로3호선박투자회사,76190
053810,아이팩토리,29271
114130,거북선5호선박투자회사,76190
114140,거북선6호선박투자회사,76190
000830,삼성물산,467
082390,피엘에이,26211
063840,닉스테크,58221
081940,아시아퍼시픽9호선박투자회사,76190
108890,거북선4호선박투자회사,76190
015110,중앙건설,41112
042950,미래에셋새천년코리아벤처펀드일호,64201
002860,하나은행,64121
071930,에이스하이텍,2629
039850,태창파로스,46
950010,평산차업집단유한공사,64992
179280,스탠다드펌,24212
002530,벽산건설,41112
016420,NH농협증권,66121
081210,아시아퍼시픽4호선박투자회사,76190
025850,한화화인케미칼,20119
224090,정다운,1011
033030,지오엠씨,26
031950,에듀패스,263
026230,아이디에이치,2922
134000,거북선7호선박투자회사,76190
016560,서울상호저축은행,64131
040670,와이즈파워,28123
121550,코크렙제15호기업구조조정부동산투자회사,681
043890,티브로드한빛방송,60222
102000,거북선3호선박투자회사,76190
013450,동성하이켐,20111
067130,클루넷,62090
099210,코리아퍼시픽07호선박투자회사,76190
056340,씨유전자,2629
158380,삼목강업,30
037630,에스비엠,29180
044440,솔빛미디어,85691
119250,에프지엔개발전문자기관리부동산투자회사,68
187770,판타지오,73901
010520,현대하이스코,2413
092970,거북선1호선박투자회사,64999
052350,코아에스앤아이,27214
181980,자원메디칼,27199
026250,삼우이엠씨,25112
038320,어울림정보기술,58221
035210,티브로드도봉강북방송,60222
008900,티이씨앤코,28302
010460,화인자산관리,66199
000420,로케트전기,28201
014350,신일건업,4111
001300,제일모직,20202
139170,퓨얼셀파워,27215
950100,아루히,64919
053870,지티앤티,26429
052880,모아에스앤에스,75999
033280,어울림엘시스,58221
138440,이코리아자기관리부동산투자회사,681
003600,SK,64992
103650,에이치앤아이,26292
051710,디에스,26211
110500,유니드코리아,292
072430,아이레보,2599
010150,포스코티엠씨,2629
101380,거북선2호선박투자회사,76190
082240,아시아퍼시픽5호선박투자회사,76190
082260,아시아퍼시픽7호선박투자회사,76190
082250,아시아퍼시픽6호선박투자회사,76190
207930,에스케이제1호기업인수목적,661
215580,대우기업인수목적3호,66199
207720,엔에이치에스엘기업인수목적,66199
204650,케이티비기업인수목적1호,661
215750,미래에셋제3호기업인수목적,66199
110570,넥솔론,2612
189700,디피앤케이,141
156170,비앤에스미디어,263
085980,세화피앤씨,20423
232290,에스지에이시스템즈,582
900130,웨이포트유한공사,64992
232360,아스팩오일,192
139200,하이골드오션2호선박투자회사,76190
206660,골든브릿지제2호기업인수목적,661
005620,대성합동지주,715
900050,중국원양자원유한공사,64992
083620,아시아퍼시픽15호선박투자회사,76190
208870,하나머스트3호기업인수목적,66199
104120,신성에프에이,292
104110,신성이엔지,292
061460,한진피앤씨,2221
192240,나이코,179
204440,대우기업인수목적2호,66199
036500,에스에스컴텍,201
083350,동북아10호선박투자회사,761
219580,골든브릿지제3호기업인수목적,66199
086200,제이앤유글로벌,2642
222390,케이비제8호기업인수목적,661
256090,패션플랫폼,14112
218710,키움제3호기업인수목적,661
221200,유진기업인수목적3호,661
219860,한화에이스기업인수목적2호,661
217810,엔에이치기업인수목적7호,661
223040,교보5호기업인수목적,661
221950,케이비드림투게더제3호기업인수목적,661
219960,유안타제2호기업인수목적,661
252940,에스엠로보틱스,33402
246830,시냅스엠,63120
230490,동부제4호기업인수목적,661
235090,태경피엔에스,292
016170,카카오엠,182
051170,썬코어,29142
237720,케이엠제약,20422
226850,키움제4호기업인수목적,66199
008000,도레이케미칼,20501
207230,디와이엘엔제이,28303
095300,엔에스브이,29133
090730,심팩메탈,24113
130960,씨제이이앤엠,602
225440,이베스트기업인수목적3호,64999
900180,완리인터내셔널홀딩스,64992
024660,하림홀딩스,64992
004130,대덕GDS,2622
026260,위너지스,468
087220,스틸플라워,2413
900290,GRT,64992
052290,트레이스,2629
232270,케이비제9호기업인수목적,661
235010,하이에이아이1호기업인수목적,66199
038990,넥스콘테크놀러지,28202
047060,덴소코리아,30
082220,프렉코,26422
900090,차이나하오란리사이클링유한공사,64992
123100,원익테라세미콘,29271
167380,나무기술,582
240540,한국제4호기업인수목적,661
099830,씨그널엔터테인먼트그룹,591
272420,극동자동화,423
007910,세원화성,20202
111610,세왕,42
251540,에스와이제이,141
144740,피엠디아카데미,855
242420,본느,204
140890,트러스와이제7호위탁관리부동산투자회사,68112
015170,중앙바이오텍,21230
030950,보진재,18113
900260,로스웰,64992
250300,제이에스피브이,28909
230400,자비스,271
265480,미래에셋대우기업인수목적1호,661
135270,세종머티리얼즈,242
257730,신한제3호기업인수목적,661
229480,줌인터넷,63120
226610,한국비엔씨,271
247300,인프라웨어테크놀러지,58222
264290,한화에이스기업인수목적3호,661
039530,씨앤케이인터내셔널,06200
122050,아이엘사이언스,28422
176560,포인트엔지니어링,259
077280,한컴지엠디,582
023430,아이이,467
026220,에스티씨라이프,47813
265920,한화수성기업인수목적,66199
026180,현대정보기술,62021
232330,에스케이제3호기업인수목적,661
242850,영현무역,461
262830,대신밸런스제4호기업인수목적,66199
122800,썬테크놀로지스,24311
007150,동양텔레콤,26
252370,유쎌,20423
210610,소프트캠프,58222
271400,알로이스,26421
043580,에임하이글로벌,262
271740,한국제5호기업인수목적,66199
065180,해피드림,49301
083380,동북아13호선박투자회사,761
047440,디케이씨,26211
204690,다린,22232
159650,하이골드오션8호국제선박투자회사,761
065310,더스텔라,15129
900040,차이나그레이트스타인터내셔널리미티드,64992
004740,보루네오가구,32029
205290,케미메디,701
189540,씨티네트웍스,26410
185280,이푸른,46203
094700,미성포리테크,2629
123260,파인넥스,2612
004200,고려개발,41221
276920,아이비케이에스제7호기업인수목적,6619
251960,엠에프엠코리아,143
284610,티에스트릴리온,20423
220110,드림티엔터테인먼트,73901
083370,동북아12호선박투자회사,761
088980,맥쿼리인프라,64201
108790,인터파크,4791
277480,신한제4호기업인수목적,66199
900250,크리스탈신소재,64992
152330,코리아오토글라스,2311
220250,카이노스메드,70113
099350,하나유비에스암바토비니켈해외자원개발2호,64201
099340,하나유비에스암바토비니켈해외자원개발1호,64201
291210,한국제7호기업인수목적,66199
030270,에스마크,13101
035480,글로앤웰,46595
279410,한화에이스기업인수목적4호,661
281410,한국제6호기업인수목적,66199
099660,신텍,25130
197210,리드,29272
039790,위노바,204
036260,이매진아시아,591
023890,한국아트라스비엑스,28202
005190,동성화학,201
329050,구스앤홈,13221
310840,엔에이치기업인수목적13호,661
103130,웅진에너지,261
105840,우진,27216
900080,에스앤씨엔진그룹리미티드,64992
101930,인화정공,31114
005710,대원산업,303
000490,대동,29210
001590,일화모직공업,13212
311270,키움제5호기업인수목적,661
001820,삼화콘덴서공업,26291
000910,유니온,23311
049800,우진플라임,292
065160,라임,20501
023600,삼보판지,171
172580,하이골드오션12호국제선박투자회사,761
200880,서연이화,303
045890,금빛,284
001070,대한방직,132
011420,갤럭시아에스엠,911
031990,대선조선,3111
217500,러셀,292
091270,유디피,58222
317030,케이비제17호기업인수목적,661
307160,하나머스트제6호기업인수목적,66199
900310,컬러레이,649
086080,다이노나,70113
213090,미래테크놀로지,58221
101060,SBS미디어홀딩스,602
026150,특수건설,412
900300,오가닉티코스메틱,64992
000700,유수홀딩스,715
033110,코너스톤네트웍스,471
028150,지에스홈쇼핑,602
053060,세동,303
224880,에스지에이클라우드서비스,582
014620,성광벤드,24133
900110,이스트아시아홀딩스,64992
313750,유안타제4호기업인수목적,66199
317320,한화에스비아이기업인수목적,66199
006340,대원전선,28302
094190,이엘케이,26299
068240,다원시스,2811
158300,에스에이티,29271
323940,케이비제18호기업인수목적,661
263860,지니언스,58221
006910,보성파워텍,2511
323210,이베스트이안기업인수목적1호,661
014530,극동유화,19221
253610,루트락,467
025340,그린기술투자,64209
307070,에스케이에이씨피씨제4호기업인수목적,661
079440,오렌지라이프생명보험,65110
080440,에스제이케이,467
053450,세코닉스,273
117730,티로보틱스,29271
079560,넥스피안,2629
183350,엘피케이로보틱스,29280
015860,일진홀딩스,64992
299030,하나기술,29299
002620,제일파마홀딩스,715
004700,조광피혁,15110
263690,디알젬,27111
084730,팅크웨어,264
281740,레이크머티리얼즈,204
189300,인텔리안테크,26429
214260,라파스,20423
332370,아이디피,26329
039110,에스피컴텍,68112
109820,진매트릭스,70113
032040,씨앤에스자산관리,759
058970,엠로,582
290740,액트로,262
095610,테스,29271
090120,잘만테크,263
087260,모바일어플라이언스,582
049950,미래컴퍼니,29271
353590,오토앤,4521
109860,동일금속,24312
083930,아바코,29272
066310,큐에스아이,2612
335810,프리시젼바이오,27199
060850,영림원소프트랩,58221
382840,원준,292
140860,파크시스템스,27219
268280,미원에스씨,201
241710,코스메카코리아,20423
092590,럭스피아,2611
149950,아바텍,26211
140660,위월드,26429
203400,에이비온,70113
073710,씨디네트웍스,631
007770,한일화학,201
109740,디에스케이,29272
013520,화승코퍼레이션,303
165270,금오하이텍,22223
005900,동양건설산업,41221
033220,피엔에스커튼월,24222
066830,제노텍,204
053320,제네시스디벨롭먼트홀딩스,46521
008340,대주코레스,24222
108490,로보티즈,29299
002480,범양사,13213
015350,부산도시가스,35200
048770,TPC,29142
032820,우리기술,28123
100120,뷰웍스,27199
372800,아이티아이즈,58221
005820,원림,13225
317530,캐리소프트,59111
006440,한일건설,4111
032290,케이디지엠텍,26410
068060,케이씨더블류,68112
217910,에스제이켐,201
321260,프로이천,261
008730,율촌화학,22231
019180,티에이치엔,289
014970,삼륭물산,17223
042000,카페24,63112
149010,아이케이세미콘,2611
190650,코리아에셋투자증권,66121
065950,웰크론,13219
217950,파마리서치바이오,212
361570,알비더블유,59201
322970,무진메디,70113
317690,퀀타매트릭스,27199
183490,엔지켐생명과학,211
334890,이지스밸류플러스리츠,681
018500,동원금속,303
159010,아스플로,29133
192400,쿠쿠홀딩스,649
053740,국제엘렉트릭코리아,29271
098400,엔스퍼트,2611
005980,성지건설,41221
371950,풍원정밀,262
065660,안트로젠,467
225330,씨엠에스에듀,85501
006200,한국전자홀딩스,64992
332710,하나금융14호기업인수목적,66199
337450,에스케이제5호기업인수목적,66199
340350,에스케이제6호기업인수목적,66199
097870,효성오앤비,2031
110020,전진바이오팜,2049
254160,제이엠멀티,16101
008870,금비,23192
012250,셰프라인,25992
336570,원텍,271
329560,상상인이안제2호기업인수목적,66199
100840,SNT에너지,29176
041140,넥슨지티,5821
221610,자안바이오,20411
267320,나인테크,292
950180,에스앤케이,5821
351330,이삭엔지니어링,62021
102710,이엔에프테크놀로지,2049
270210,에스알바이오텍,20423
206640,바디텍메드,213
039670,스포츠서울,58121
221840,하이즈항공,313
289080,SV인베스트먼트,649
378850,화승알앤에이,30399
066110,한프,26329
179440,비지스틸,24199
052190,세영디앤씨,901
228180,비엘사이언스,701
270020,이십일스토어,239
317870,엔바이오니아,339
348950,제이알글로벌리츠,681
297890,HB솔루션,29272
014160,대영포장,1721
032560,황금에스티,24290
174900,앱클론,213
309900,티티씨디펜스,739
111710,남화산업,91121
021820,세원정공,303
225860,엠앤씨생명과학,20423
146320,비씨엔씨,261
330990,케이비제19호기업인수목적,661
176440,미래오토스,26224
030960,양지사,1811
009070,케이씨티시,49301
240340,인터코스,20423
185190,수프로,46204
033600,럭슬,303
284740,쿠쿠홈시스,762
241840,에이스토리,591
182690,테라셈,465
340120,하이제5호기업인수목적,66199
153360,하이골드오션3호선박투자회사,761
294630,서남,289
228670,레이,27111
000680,LS네트웍스,46800
003610,방림,132
289220,자이언트스텝,59113
018120,진로발효,11121
217320,썬테크,28111
206560,덱스터,59120
225850,미애부,464
263800,데이타솔루션,465
101490,에스앤에스텍,2629
005680,삼영전자공업,26291
000950,전방,13101
014590,지앤엘,91249
053260,금강철강,2419
025820,이구산업,24221
006890,태경케미컬,20121
080520,오디텍,2612
000050,경방,47119
071280,로체시스템즈,292
028040,미래SCI,461
123690,한국화장품,46443
054040,한국컴퓨터,2629
002920,유성기업,303
151750,테라텍,292
182360,큐브엔터,59201
160550,NEW,591
002760,보락,2049
016670,디모아,467
228850,레이언스,27111
037710,광주신세계,47111
003010,혜인,465
038010,제일테크노스,2511
106190,하이텍팜,211
051600,한전KPS,42311
027580,상보,222
035900,JYP Ent.,59201
244880,나눔테크,27199
001390,KG케미칼,201
115310,인포바인,61299
007810,코리아써키트,2622
003300,한일홀딩스,23311
011390,부산산업,233
122690,서진오토모티브,303
000760,이화산업,46731
078070,유비쿼스홀딩스,64992
109080,옵티시스,26410
036090,위지트,29272
236200,슈프리마,26410
194370,제이에스코퍼레이션,15121
051160,지어소프트,58221
042420,네오위즈홀딩스,582
064960,SNT모티브,303
004910,조광페인트,20411
253590,네오셈,292
083310,엘오티베큠,29271
357250,미래에셋맵스리츠,681
009270,신원,14112
093380,풍강,259
105740,디케이락,29133
049720,고려신용정보,75993
001770,SHD,24199
002360,SH에너지화학,201
108380,대양전기공업,31114
009720,한국전기초자,231
075130,플랜티넷,620
302430,이노메트리,29299
141070,맥스로텍,292
058610,에스피지,28111
177830,파버나인,2629
036010,아비코전자,26294
114570,지스마트글로벌,468
136480,하림,1012
123410,코리아에프티,303
001530,디아이동일,46103
099430,바이오플러스,211
083500,에프엔에스테크,29272
005360,모나미,46452
003200,일신방직,13101
065940,바이오빌,20132
131220,대한과학,4659
024120,KB오토시스,303
204020,그리티,14120
007540,샘표,64992
002310,아세아제지,172
417180,핑거스토리,63991
004890,동일산업,24113
057030,YBM넷,857
051370,인터플렉스,2622
000650,천일고속,49220
073070,에이팸,303
122640,예스티,29271
204630,스튜디오산타클로스,901
005740,크라운해태홀딩스,64992
031330,에스에이엠티,4659
100030,인지소프트,58222
085670,뉴프렉스,2622
036810,에프에스티,2629
011370,서한,41112
196700,웹스,20203
084850,아이티엠반도체,2629
252500,세화피앤씨,204
006730,서부T&D,551
019540,일지테크,303
053610,프로텍,29271
173940,에프엔씨엔터,901
141000,비아트론,29272
229500,노브메타파마,70113
087730,이엠네트웍스,20202
272450,진에어,511
025750,한솔홈데코,161
215100,로보로보,289
161580,필옵틱스,2927
120240,대정화금,201
094840,슈프리마에이치큐,264
012760,하스코,30
017940,E1,46713
138040,메리츠금융지주,64992
017670,SK텔레콤,61220
011810,STX,46800
017960,한국카본,2512
243840,신흥에스이씨,28202
311060,엘에이티,29271
006260,LS,64992
112190,KC산업,23325
060720,KH바텍,2629
278280,천보,201
039240,경남스틸,24199
003350,한국화장품제조,20423
100790,미래에셋벤처투자,649
046940,우원개발,421
084690,대상홀딩스,64992
044960,이글벳,467
054410,케이피티유,25921
090150,아이윈,303
417310,코람코더원리츠,68112
376290,씨유테크,26224
365270,큐라클,70113
351340,아이비케이에스제13호기업인수목적,6619
250930,예선테크,22291
376980,원티드랩,58221
094970,제이엠티,2629
016600,큐캐피탈,649
069080,웹젠,5821
025320,시노펙스,2629
204610,티쓰리,5821
037350,성도이엔지,721
039440,에스티아이,29271
377300,카카오페이,66199
016830,한국씨티은행,64121
254120,자비스,292
225430,케이엠제약,204
448780,마이크로엔엑스,27191
006370,대구백화점,47111
140670,알에스오토메이션,262
010820,퍼스텍,252
049480,오픈베이스,62021
004430,송원산업,20499
323410,카카오뱅크,64121
115500,케이씨에스,62021
032280,삼일,49309
039290,인포뱅크,639
093190,빅솔론,263
344050,신영해피투모로우제6호기업인수목적,66199
192530,광주은행,64121
052510,에코솔루션,2049
342550,케이비제20호기업인수목적,66199
001550,조비,20312
347770,핌스,26212
199150,데이터스트림즈,58221
005030,부산주공,30310
025540,한국단자공업,2812
368770,파이버프로,27219
361390,제노코,26429
046840,자유투어,75210
155650,와이엠씨,262
365900,브이씨,3330
032580,피델릭스,2611
037030,파워넷,2811
241560,두산밥캣,29241
130500,GH신소재,13992
395400,SK리츠,68112
060380,동양에스텍,24121
059100,아이컴포넌트,26211
028080,휴맥스홀딩스,620
037760,쎄니트,24122
015200,성원,2413
001800,오리온홀딩스,649
367460,유안타제7호기업인수목적,66199
129920,대성하이텍,29223
004100,태양금속공업,303
004980,성신양회,23311
306040,에스제이그룹,15129
365550,ESR켄달스퀘어리츠,681
024880,케이피에프,259
068420,엔터미디어,26
036890,진성티이씨,29241
265560,영화테크,3033
900270,헝셩그룹,64992
434190,탈로스,28202
131390,원익피앤이,281
078150,HB테크놀러지,29272
010400,우진아이엔에스,422
011500,한농화성,20421
004830,덕성,22214
089980,상아프론테크,222
399720,가온칩스,26112
051810,모보,28302
075580,세진중공업,31114
005450,신한,41121
171010,램테크놀러지,20119
038070,서린바이오,467
183190,아세아시멘트,23311
226350,아이엠텍,2629
008770,호텔신라,47859
025770,한국정보통신,61299
171090,선익시스템,292
101680,한국정밀기계,29223
036190,금화피에스시,423
103140,풍산,242
009150,삼성전기,2622
441270,파인엠텍,26299
001890,에이치디씨영창,33201
093050,LF,14111
004060,SG세계물산,46800
077500,유니퀘스트,4659
072130,유엔젤,631
267290,경동도시가스,35200
009140,경인전자,2629
042110,에스씨디,28519
039860,나노엔텍,27199
040420,정상제이엘에스,8550
207760,미스터블루,63991
258050,테크트랜스,25923
344860,이노진,20423
094480,갤럭시아머니트리,58221
008470,부스타,25130
073010,케이에스피,29111
043370,피에이치에이,303
012320,경동인베스트,649
191600,블루탑,2622
013990,아가방컴퍼니,46414
047310,파워로직스,2812
045300,성우테크론,2629
043650,국순당,11111
002290,삼일기업공사,411
001420,태원물산,303
085910,네오티스,303
018670,SK가스,46713
298540,더네이쳐홀딩스,144
025890,한국주강,292
122990,와이솔,2629
092200,디아이씨,303
093920,서원인텍,2642
298020,효성티앤씨,2050
037560,LG헬로비전,60222
353200,대덕전자,2622
015260,에이엔피,2622
002030,아세아,715
081580,성우전자,2642
052600,한네트,61299
024890,대원화성,22214
053800,안랩,58221
337840,유엑스엔,27112
049430,코메론,27219
064350,현대로템,31201
007630,폴루스바이오팜,461
014280,금강공업,2413
003540,대신증권,66121
104830,원익머트리얼즈,20121
005830,DB손해보험,65121
221670,주노콜렉션,15121
049070,인탑스,2642
007210,벽산,23999
225590,패션플랫폼,141
012580,신세계톰보이,4741
317120,라닉스,26112
052860,아이앤씨,2611
140410,메지온,70113
096300,한국월드와이드베트남부동산개발특별자산1호투자회사,64201
161890,한국콜마,20423
032940,원익,4659
046970,우리로,467
215360,우리산업,303
032350,롯데관광개발,75210
066130,하츠,28519
123860,아나패스,2611
009470,삼화전기,26291
011760,현대코퍼레이션,46800
119500,포메탈,259
341160,하나금융15호기업인수목적,66199
095270,웨이브일렉트로,272
256150,한독크린텍,29175
115530,씨엔플러스,262
217600,켐온,701
290510,코리아센터,58221
245450,씨앤에스링크,264
012510,더존비즈온,62022
063760,이엘피,27212
408900,스튜디오미르,59112
073490,이노와이어리스,2642
123570,이엠넷,71310
079430,현대리바트,32029
219420,링크제니시스,58222
020000,한섬,14112
011780,금호석유화학,201
038620,위즈코프,47711
000590,CS홀딩스,64992
049520,유아이엘,2629
024060,흥구석유,46712
264850,이랜시스,262
054340,피앤텔,2642
140520,대창스틸,24122
026940,부국철강,2413
121890,에스디시스템,2629
083420,그린케미칼,20421
001310,풍림산업,41112
059090,미코,261
036460,한국가스공사,35200
393890,더블유씨피,28202
194610,우성아이비,339
179900,유티아이,2629
082920,비츠로셀,28201
049120,파인디앤씨,26211
004510,디와이홀딩스,29162
018310,삼목에스폼,2511
008490,서흥,2049
072870,메가스터디,581
002070,비비안,14120
056080,유진로봇,292
001840,이화공영,411
072990,에이치시티,72911
035610,솔본,715
155660,DSR,242
095500,미래나노텍,2229
210540,디와이파워,29241
016140,두함지개발,68112
090710,휴림로봇,29280
068930,디지털대성,855
008120,엠소닉,26
014190,원익큐브,46739
327970,케어룸의료산업,27199
012030,DB,62021
058480,해원에스티,24121
016800,퍼시스,32029
057540,옴니시스템,272
119830,아이텍,739
052790,액토즈소프트,5821
207490,에이펙스인텍,28422
277810,레인보우로보틱스,29280
251970,펌텍코리아,22232
377740,바이오노트,213
155960,지디,26211
006880,신송홀딩스,46201
349720,이베스트기업인수목적5호,66199
023900,풍국주정,11121
000180,성창기업지주,71531
005350,심팩인더스트리,29230
047400,유니온머티리얼,23222
001200,유진증권,66121
257720,실리콘투,46800
033100,제룡전기,2811
232530,이엠티,28202
071320,지역난방공사,35300
004690,삼천리,35200
015230,대창단조,303
003100,선광,52942
195440,퓨전,58221
115180,큐리언트,70113
064480,브리지텍,58221
121600,나노신소재,2049
359090,씨엔알리서치,739
010040,한국내화,2321
095660,네오위즈,5821
113810,디젠스,303
056360,코위버,26410
024940,PN풍년,464
238120,얼라인드,273
033550,일레덱스홀딩스,46711
011230,삼화전자공업,265
014940,오리엔탈정공,291
009280,다함이텍,26
059120,아진엑스텍,2611
049830,승일,259
319660,피에스케이,29271
036530,SNT홀딩스,64992
006650,대한유화,20111
425040,티이엠씨,20121
094360,칩스앤미디어,261
067920,이글루,639
143160,아이디스,26429
001210,금호전기,28410
119610,인터로조,271
086060,진바이오텍,462
225650,쿠첸,28511
033920,무학,11122
054800,아이디스홀딩스,71600
000100,유한양행,212
032080,아즈텍WB,13402
187270,신화콘텍,2812
014910,성문전자,26291
058630,엠게임,5821
276240,엘리비젼,26519
170920,엘티씨,20119
052330,코텍,26519
053690,한미글로벌,72111
045520,크린앤사이언스,291
251280,안지오랩,70113
017370,우신시스템,292
299480,지앤이헬스케어,13999
025980,아난티,551
104620,노랑풍선,75210
098660,에스티오,1419
175330,JB금융지주,64992
365590,하이딥,261
103230,에스앤더블류,29111
003160,디아이,27212
044780,에이치케이,29221
121850,코이즈,222
007590,동방아그로,2032
053110,소리바다,631
011560,세보엠이씨,422
123890,한국자산신탁,642
078930,GS,64992
030610,교보증권,66121
052260,현대바이오랜드,204
038950,파인디지털,2642
142210,유니트론텍,46522
043360,디지아이,263
053620,태양,25991
078600,대주전자재료,2629
048910,대원미디어,467
001560,제일연마,23992
199290,바이오프로테크,271
049630,재영솔루텍,273
040910,아이씨디,29271
255220,SG,23991
307280,원바이오젠,213
338100,NH프라임리츠,681
024090,디씨엠,2419
004780,대륙제관,25991
016450,한세예스24홀딩스,1419
263770,유에스티,241
086040,바이오톡스텍,70113
000440,중앙에너비스,46712
036620,감성코퍼레이션,467
413300,티엘엔지니어링,72129
010690,화신,30391
090470,제이스텍,29271
110660,툴코리아,25933
053660,현진소재,25912
071090,하이스틸,2413
223250,드림씨아이에스,70113
261200,덴티스,271
329020,오션스톤,463
402420,켈스,27199
039030,이오테크닉스,29271
089590,제주항공,511
314930,바이오다인,2719
067770,세진티에스,26211
003550,LG,64992
065620,제낙스,24123
074000,에스지피엠,68112
071050,한국금융지주,64992
041190,우리기술투자,6491
003490,대한항공,511
023450,동남합성,201
357550,석경에이티,20129
024740,한일단조,303
043200,파루,281
058470,리노공업,2629
053700,삼보모터스,303
126340,비나텍,282
021240,코웨이,969
039130,하나투어,75210
054940,엑사이엔씨,424
005070,코스모신소재,204
030520,한글과컴퓨터,582
049960,쎌바이오텍,211
019210,와이지-원,25934
037070,파세코,28519
035460,기산텔레콤,2642
051910,LG화학,20111
063170,서울옥션,4610
396690,미래에셋글로벌리츠,6811
214680,디알텍,271
127160,매직마이크로,262
072470,우리산업홀딩스,303
234070,에이원알폼,76310
037950,엘컴텍,26291
038460,바이오스마트,26293
038540,상상인,620
043340,에쎈테크,29133
021080,에이티넘인베스트,64209
000270,기아,30121
003070,코오롱글로벌,41221
009160,SIMPAC,24113
094820,일진파워,423
038390,레드캡투어,75210
017800,현대엘리베이터,29162
054450,텔레칩스,2611
354230,폭스소프트,58221
033130,디지틀조선,631
214180,헥토이노베이션,63991
037270,YG PLUS,631
425420,티에프이,262
290520,신도기연,29272
003380,하림지주,64992
037460,삼지전자,2642
060540,에스에이티,27215
347140,케이프이에스제4호기업인수목적,6499
158310,참존글로벌,29280
034020,두산에너빌리티,29119
183300,코미코,29271
094170,동운아나텍,2611
011090,에넥스,32021
094940,푸른기술,263
038160,팍스넷,63991
017480,삼현철강,2419
214430,아이쓰리시스템,2629
003800,에이스침대,32029
092300,현우산업,2622
120780,전우정밀,303
318660,타임기술,582
036840,휴코드홀딩스,70113
214330,금호에이치티,303
002420,세기상사,477
163730,핑거,582
048430,유라테크,281
072950,빛샘전자,262
004360,세방,49301
108860,셀바스AI,5822
096690,에이루트,26329
140610,엔솔바이오사이언스,70113
096870,엘디티,2611
079170,한창산업,24229
352940,인바이오,2032
241820,피씨엘,213
001270,부국증권,66121
067010,이씨에스,620
002200,한국수출포장공업,1721
328130,루닛,58222
013310,아진산업,303
002220,한일철강,2419
005250,녹십자홀딩스,715
003960,사조대림,10211
187790,나노,20129
032540,TJ미디어,265
208370,셀바스헬스케어,271
143540,영우디에스피,29272
068290,삼성출판사,5811
016920,카스,465
065510,휴비츠,27199
115610,이미지스,2611
050760,에스폴리텍,222
215000,골프존,58219
173130,오파스넷,62021
001380,SG글로벌,303
092230,KPX홀딩스,201
274090,켄코아에어로스페이스,31322
012280,영화금속,303
139670,키네마스터,58222
228340,동양파일,23325
241590,화승엔터프라이즈,15219
011160,두산건설,41112
120030,조선선재,2599
373340,유진기업인수목적6호,66199
058730,다스코,25112
237880,클리오,20423
061970,LB세미콘,2612
147760,피엠티,27212
259960,크래프톤,5821
140290,청광건설,412
216050,인크로스,71310
001460,BYC,14120
348840,데이드림엔터테인먼트,591
417500,제이아이테크,204
950140,잉글우드랩,204
224110,에이텍모빌리티,26429
013870,지엠비코리아,303
092730,네오팜,20423
378340,필에너지,29299
025560,미래산업,27219
078520,에이블씨엔씨,20423
130660,한전산업,72129
457940,SK증권제10호스팩,66199
451700,엔에이치스팩29호,66199
221800,유투바이오,72911
405350,아이비케이에스제17호기업인수목적,66199
017860,DS단석,204
469880,하나30호스팩,66199
377630,삼성기업인수목적4호,661
000010,신한은행,64121
440200,케이비제23호기업인수목적,66199
188260,세니젠,339
464680,KB제27호스팩,66199
088280,쏘닉스,26129
017680,데코앤에프,141
353070,에이치엠씨아이비제4호기업인수목적,66199
102210,트레스,31114
003570,SNT다이내믹스,303
010950,S-Oil,19210
010100,한국무브넥스,303
388220,하나금융19호기업인수목적,661
271830,팸텍,29271
005950,이수화학,20111
053080,케이엔솔,291
010240,흥국,29241
067990,도이치모터스,451
007340,DN오토모티브,28202
054090,삼진엘앤디,339
044380,주연테크,26310
271850,다이오진,701
099440,스맥,29221
033020,세아메탈,24122
101360,에코앤드림,204
071850,캐스텍코리아,303
092790,넥스틸,2419
419530,SAMG엔터,59112
052960,태양3C,452
900340,윙입푸드,64992
020400,대동금속,24312
260930,씨티케이,20423
023590,다우기술,631
311840,대원모방,13212
397500,대신밸런스제11호기업인수목적,66199
367480,유안타제8호기업인수목적,661
146060,율촌,24131
115160,휴맥스,26519
027390,한화갤러리아타임월드,47111
001120,LX인터내셔널,4610
051380,피씨디렉트,46510
033160,엠케이전자,262
044450,KSS해운,50112
079950,인베니아,29272
066570,LG전자,264
096240,크레버스,855
419120,산돌,58222
210980,SK디앤디,68122
340930,유일에너테크,29299
263020,디케이앤디,22214
079190,케스피온,26422
377480,마음AI,58222
205100,엑셈,58221
339950,아이비김영,85503
069140,누리플랜,25112
026040,제이에스티나,331
133750,메가엠디,85503
330730,스톤브릿지벤처스,649
073110,엘엠에스,262
440320,오픈놀,58222
006800,미래에셋증권,66121
242040,나무기술,582
373170,엠아이큐브솔루션,58221
033430,디에스티,292
010580,에스엠벡셀,303
093640,케이알엠,2611
005560,제이에스전선,28302
353060,에이치엠씨아이비제5호기업인수목적,66199
067280,멀티캠퍼스,85650
387310,대신밸런스제10호기업인수목적,66199
039610,화성밸브,29133
009770,삼정펄프,171
348210,넥스틴,29271
340440,세림B&G,222
049130,하우리,58221
464440,한국제13호스팩,66199
035250,강원랜드,91249
138690,엘아이에스,29221
432470,케이엔에스,29299
043590,웰킵스하이텍,261
034310,NICE,715
090430,아모레퍼시픽,20423
380440,엔에이치기업인수목적19호,661
293780,압타바이오,70113
389030,지니너스,70113
405920,나라셀라,46331
001970,에스지신성건설,41221
018620,우진비앤지,21230
020150,롯데에너지머티리얼즈,2629
008370,원풍,22212
025900,동화기업,16212
077970,STX엔진,29111
056700,신화인터텍,2229
101240,씨큐브,20131
017510,세명전기,2599
012860,모베이스전자,303
042510,라온시큐어,582
064260,다날,582
141020,디에스앤엘,479
107590,미원홀딩스,649
068790,DMS,292
054920,한컴위드,58221
208850,이비테크,28909
079960,동양이엔피,2811
002990,금호건설,41112
051360,토비스,265
198940,한주라이트메탈,242
452160,제이엔비,29271
089890,코세스,29271
128820,대성산업,477
246250,에스엘에스바이오,739
033250,체시스,303
264450,유비쿼스,26410
379390,이성씨엔아이,72129
404950,디비금융제10호기업인수목적,649
452190,한빛레이저,29221
134380,미원화학,20421
081970,케이엑스넥스지,58221
236340,메디젠휴먼케어,70113
057680,티사이언티픽,58222
354320,알멕,24222
330590,롯데리츠,681
418420,라온텍,262
078890,가온그룹,264
112290,와이씨켐,20491
296160,프로젠,70113
452300,캡스톤파트너스,649
041020,폴라리스오피스,58221
005960,동부건설,412
000370,한화손해보험,65121
075970,동국알앤에스,239
023000,삼원강재,303
272550,삼양패키징,22232
396770,엔에이치기업인수목적22호,661
274400,이노시뮬레이션,58221
456490,교보14호스팩,6619
080160,모두투어,75210
220630,맘스터치앤컴퍼니,463
100090,SK오션플랜트,2413
003720,삼영,2221
108230,톱텍,292
093520,매커스,4659
353490,미래에셋대우기업인수목적5호,661
417790,트루엔,265
016380,KG스틸,24122
225570,넥슨게임즈,582
426670,대신밸런스제12호기업인수목적,66199
137940,넥스트아이,27216
155900,바다로19호선박투자회사,76190
900120,씨엑스아이,64992
367360,디비금융제9호기업인수목적,661
002150,도화엔지니어링,72121
008260,NI스틸,2419
006920,모헨즈,23322
013570,디와이,64992
036480,대성미생물,21230
008420,문배철강,2419
054950,제이브이엠,29192
024070,WISCOM,22299
091700,파트론,2629
452280,한선엔지니어링,259
050860,아세아텍,29210
076610,해성옵틱스,273
058420,제이웨이,59130
033500,동성화인텍,201
019440,세아특수강,24122
457550,우진엔텍,7390
471050,대신밸런스제17호스팩,661
036030,케이티알파,461
457630,대신밸런스제16호스팩,66199
016880,웅진,715
246690,TS인베스트먼트,64209
204320,HL만도,303
316140,우리금융지주,64992
363260,모비데이즈,713
023810,인팩,303
086670,비엠티,29133
100250,진양홀딩스,222
310200,애니플러스,591
097520,엠씨넥스,26519
432320,KB스타리츠,68112
455310,한화플러스제4호스팩,661
377400,하이제6호기업인수목적,66199
070080,삼보오토,30
152550,한국ANKOR유전,642
012340,뉴인텍,303
045510,정원엔시스,465
064820,케이프,31114
032680,소프트센,639
014470,부방,681
066900,디에이피,2622
054780,키이스트,59130
024800,유성티엔에스,492
105760,포스뱅크,291
149300,아퓨어스,701
035200,프럼파스트,22211
135160,무송지오씨,28301
043910,자연과환경,233
409570,한국제10호기업인수목적,661
440290,HB인베스트먼트,649
241770,메카로,261
272110,케이엔제이,261
149940,모다,26429
012610,경인양행,20132
102460,이연제약,212
080010,이상네트웍스,4610
091970,나노캠텍,2229
355150,코스텍시스,261
206400,베노티앤알,424
084870,티비에이치글로벌,141
257990,나우코스,20423
115440,우리넷,2641
427950,하나금융23호기업인수목적,661
250030,진코스텍,20423
004770,써니전자,262
220100,퓨쳐켐,212
264660,씨앤지하이테크,29271
115960,연우,22232
307930,컴퍼니케이,649
092600,앤씨앤,2611
472230,SK증권제11호스팩,66199
074600,원익QnC,2312
111820,지유온,639
036200,유니셈,29271
451800,한화리츠,68112
009440,KC그린홀딩스,64992
388870,파로스아이바이오,70113
370090,퓨런티어,27213
448280,에코아이,716
168330,내츄럴엔도텍,70111
468760,유진스팩10호,66191
067290,JW신약,212
469900,하나31호스팩,66199
473370,비엔케이제2호스팩,66199
111380,동인기연,151
064290,인텍플러스,292
000060,메리츠화재해상보험,65121
007120,미래아이앤지,620
125210,아모그린텍,2629
002100,경농,2032
208890,미래엔에듀파트너,857
047560,이스트소프트,58221
452670,상상인제4호스팩,66199
356890,싸이버원,582
114840,아이패밀리에스씨,204
053050,지에스이,35200
006570,대림통상,25993
388050,지투파워,28123
168360,펨트론,292
006660,삼성공조,30399
263810,상신전자,2629
045970,코아시아,261
189980,흥국에프엔비,11209
007640,애큐온저축은행,64132
376180,피코그램,339
014830,유니드,20129
451760,컨텍,620
150900,파수,58221
099390,브레인즈컴퍼니,58221
426550,아이비케이에스제19호기업인수목적,66199
114120,크루셜텍,262
446070,유니드비티플러스,16102
082800,비보존 제약,212
148150,세경하이테크,2629
227610,아우딘퓨쳐스,20423
300080,플리토,63120
035420,NAVER,63120
269620,시스웍,272
138290,지성이씨에스,421
130740,티피씨글로벌,303
003450,케이비증권,66121
343510,하나금융16호기업인수목적,66199
067570,엔브이에이치코리아,30320
241690,유니테크노,30331
002410,범양건영,411
039830,오로라,73203
088260,이리츠코크렙,68112
052460,아이크래프트,620
079000,와토스코리아,22222
186230,그린플러스,24222
317830,에스피시스템스,29280
086790,하나금융지주,64992
242350,피엔아이컴퍼니,620
366330,신한제7호기업인수목적,66199
028260,삼성물산,467
303530,이노뎁,582
205470,휴마시스,213
138930,BNK금융지주,64992
299170,더블유에스아이,464
363250,진시스템,271
009240,한샘,46431
042600,새로닉스,2629
291810,핀텔,58222
005440,현대지에프홀딩스,64992
078590,휴림에이텍,303
411080,샌즈랩,582
050540,엠피씨플러스,75991
014710,사조씨푸드,102
000810,삼성화재해상보험,65121
010660,화천기계,29223
238170,엔에스엠,202
150440,피노텍,58222
240810,원익IPS,292
032750,삼진,264
271780,비엔에프머티리얼즈,24229
051780,큐로홀딩스,472
396270,넥스트칩,26112
372290,하나머스트7호기업인수목적,66199
452430,사피엔반도체,2611
216080,제테마,213
005670,푸드웰,1030
378800,샤페론,211
235980,메드팩토,70113
417010,나노팀,291
002840,미원상사,204
053280,예스24,4791
102940,코오롱생명과학,2110
189860,서전기전,28123
060980,HL홀딩스,64992
089030,테크윙,29271
322310,오로스테크놀로지,292
245030,스페이스솔루션,582
162120,루켄테크놀러지스,289
405100,큐알티,73909
002670,미주제강,24121
199730,바이오인프라,70113
326030,에스케이바이오팜,7011
309960,LB인베스트먼트,64991
285130,SK케미칼,20202
006140,피제이전자,27112
025530,에스제이엠홀딩스,452
112240,에스에프씨,2229
093370,후성,20129
002550,KB손해보험,65121
011930,신성이엔지,2612
068100,케이웨더,291
018470,조일알미늄,24222
445680,큐리옥스바이오시스템즈,271
317860,노드메이슨,20423
389020,자람테크놀로지,261
317770,엑스페릭스,262
367340,디비금융제8호기업인수목적,649
137400,피엔티,292
035600,KG이니시스,58221
000500,가온전선,28302
046440,KG모빌리언스,582
004840,DRB동일,221
256630,포인트엔지니어링,25923
158430,아톤,58221
119850,지엔씨에너지,28111
290550,디케이티,26224
950200,소마젠,73909
388790,라이콤,264
003280,흥아해운,50112
206950,볼빅,333
417200,LS머트리얼즈,26291
043290,케이맥,292
406820,뷰티스킨,20423
215790,이노인스트루먼트,264
450410,엔에이치기업인수목적28호,6619
109670,씨싸이트,14199
018290,브이티,204
455910,SK증권제9호스팩,66199
065440,이루온,58221
013030,하이록코리아,241
089860,롯데렌탈,76110
178920,PI첨단소재,2221
271940,일진하이솔루스,319
208140,정다운,101
456190,큐라켐,213
126600,BGF에코머티리얼즈,20202
257370,피엔티엠에스,292
093510,엔지브이아이,30399
288980,모아데이타,58222
263600,덕우전자,2629
017900,광전자,2612
420770,기가비스,292
121800,비덴트,26421
247660,나노씨엠에스,2629
417840,저스템,29271
356860,티엘비,2622
006250,극동전선,28302
023760,한국캐피탈,64911
020710,시공테크,732
224810,엄지하우스,424
267810,앙츠,95120
032850,비트컴퓨터,58221
086280,현대글로비스,5299
041920,메디아나,27112
126560,현대퓨처넷,61299
415380,스튜디오삼익,47520
050890,쏠리드,2642
031980,피에스케이홀딩스,29271
003680,한성기업,10211
408920,메쎄이상,759
091990,셀트리온헬스케어,467
023440,제이스코홀딩스,24121
069960,현대백화점,47111
004970,신라교역,03111
348340,뉴로메카,29280
041960,코미팜,21230
066410,버킷스튜디오,612
090460,비에이치,2622
001570,금양,201
016710,대성홀딩스,715
293580,나우IB,64919
400560,하나금융20호기업인수목적,66199
469480,IBKS제24호스팩,66199
065420,에스아이리소스,204
267250,HD현대,64992
098120,마이크로컨텍솔,2629
009970,영원무역홀딩스,64992
216280,원텍,27112
322780,코퍼스코리아,591
322000,HD현대에너지솔루션,2612
080580,오킨스전자,262
170030,현대공업,303
192080,더블유게임즈,5821
267060,명진홀딩스,102
453340,현대그린푸드,471
001430,세아베스틸지주,2411
000990,DB하이텍,2611
027360,아주IB투자,649
058820,CMG제약,212
357120,코람코라이프인프라리츠,6811
013340,뉴아세아,2413
381970,케이카,45120
009900,명신산업,303
099410,동방선기,31114
072710,농심홀딩스,64992
402030,코난테크놀로지,58221
090080,평화산업,303
092130,이크레더블,63991
145270,케이탑리츠,68112
192390,윈하이텍,2511
017650,대림제지,179
312610,에이에프더블류,28202
333430,일승,311
056000,코원플레이,582
215050,비엔디생활건강,20421
024830,세원물산,303
030200,케이티,612
338220,뷰노,582
111770,영원무역,46800
140070,서플러스글로벌,46539
099190,아이센스,27112
383310,에코프로에이치엔,204
007660,이수페타시스,2622
084010,대한제강,2411
002690,동일제강,24122
012700,리드코프,46712
049550,잉크테크,20413
018250,애경산업,20422
451220,아이엠티,29299
073190,듀오백,32091
377190,디앤디플랫폼리츠,681
014440,영보화학,2225
380320,삼성머스트기업인수목적5호,661
033540,파라텍,292
285770,라이프사이언스테크놀로지,58221
424760,벨로크,620
136410,아셈스,22212
032500,케이엠더블유,2642
348350,위드텍,27213
282720,금양그린파워,423
015020,이스타코,68121
009620,삼보산업,24222
034810,해성산업,649
088910,동우팜투테이블,10121
007530,와이엠,259
465320,교보15호스팩,66199
338840,와이바이오로직스,70113
460930,현대힘스,31114
281310,바이오시네틱스,70113
005800,신영와코루,14120
285490,노바텍,339
293480,하나제약,212
073560,우리손에프앤지,101
424980,마이크로투나노,26129
039870,피케이엘,26299
078020,LS증권,66121
478390,KB제29호스팩,66199
090740,와이앤넥스트,26224
189690,포시에스,58222
036640,HRS,20201
101330,모베이스,2642
066350,티엔아이,292
153460,네이블,58222
179720,머니무브,649
389260,대명에너지,4112
051500,CJ프레시웨이,4632
357430,마스턴프리미어리츠,681
284420,휴럼,108
002900,TYM,29210
065560,녹원씨엔아이,181
090370,메타랩스,141
052400,코나아이,58221
048260,오스템임플란트,27191
037340,에이치씨코퍼레이션,2642
080220,제주반도체,2611
052420,오성첨단소재,222
122830,원포유,582
479880,한국제15호스팩,66199
088290,이원컴포텍,303
317850,대모,29242
053270,구영테크,303
014790,HL D&I,41221
300120,라온피플,582
131370,알서포트,58222
295310,에이치브이엠,24219
017160,세븐코스프,1090
002540,고제,10895
001620,케이비아이동국실업,303
278470,에이피알,20423
114810,한솔아이원스,2927
006070,기린,10602
001950,남한제지,1710
036490,에스케이머티리얼즈,20122
044770,에이엠에스,26292
039060,아이비진,21100
015750,성우하이텍,303
015890,태경산업,20129
089790,제이티,29271
196490,디에이테크놀로지,29271
293490,카카오게임즈,5821
429270,시지트로닉스,26129
467930,IBKS제23호스팩,661
436610,한국제11호기업인수목적,66199
351870,차이커뮤니케이션,71310
001780,알루코,24222
009760,한국지주,64992
016890,대웅바이오,21100
004660,신동방CP,10520
006600,동신제약,21212
134780,에스엠화진,303
262760,엔케이맥스,21212
005110,한창,465
234300,에스트래픽,6202
475150,SK이터닉스,411
089970,브이엠,29271
475250,하나33호스팩,66199
104200,NHN벅스,582
002270,롯데푸드,10422
028090,네오퍼플,1089
008720,삼양엔텍,29299
079660,사조해표,108
020180,대신정보통신,62021
376930,노을,27112
003940,삼양제넥스,108
014300,선진지주,1090
260490,캐로스,29176
041550,쎄라텍,26293
021570,알루코,26293
460860,동국제강,241
009380,아세아페이퍼텍,17105
005600,중앙제지,17105
004530,에스와이,1090
290270,휴네시온,582
478110,이베스트스팩6호,661
008560,메리츠증권,66121
016570,에스트라,10897
067390,아스트,31322
482520,교보16호스팩,6619
048830,엔피케이,20202
002780,진흥기업,41221
000660,SK하이닉스,2612
041510,에스엠,59201
004150,한솔홀딩스,64992
053300,한국정보인증,58221
034730,SK,64992
096760,JW홀딩스,64992
031390,녹십자셀,21100
067730,로지시스,62090
036000,예림당,58113
304100,솔트룩스,582
002300,한국제지,1710
003040,한일약품공업,21212
003900,동원데어리푸드,10421
008800,행남사,108
053440,성우몰드,29293
054250,예일바이오텍,29176
233190,미래자원엠엘,1090
094280,효성 ITX,759
204990,코썬바이오,10897
360070,탑머티리얼,28202
430230,하나금융24호기업인수목적,66199
039310,세중,582
185490,아이진,70113
293940,신한알파리츠,6811
039840,디오,27192
262260,에이프로,289
248020,젬,28410
054790,제이엠피,29293
028050,삼성E&A,72129
142760,모아라이프플러스,701
060260,뉴보텍,22211
007860,서연,64992
037600,씨모스,29293
446540,메가터치,28201
241510,이에스산업,29193
083640,인콘,468
149980,하이로닉,27199
184230,SGA솔루션즈,582
126640,화신정공,303
000480,시알홀딩스,2321
130580,나이스디앤비,75993
473050,유안타제15호스팩,66199
101140,인바이오젠,46510
046810,코리언일랙트로닉스파워소스,26293
002810,삼영무역,46739
278380,원바이오젠,21309
106080,케이이엠텍,2629
003850,보령,212
143240,사람인,63120
178780,일월지엠엘,468
443250,레뷰코퍼레이션,71310
214390,경보제약,211
032800,판타지오,901
035430,드림라인,61210
180640,한진칼,64992
950210,프레스티지바이오파마,70113
402340,SK스퀘어,64992
299670,에스엠비나,14112
464280,티디에스팜,21212
008290,원풍물산,14111
029460,케이씨,27216
041590,플래스크,424
290650,엘앤씨바이오,212
065150,대산F&B,463
303810,동국생명과학,212
098070,한텍,29177
035760,CJ ENM,602
138580,비즈니스온커뮤니케이션,58222
475830,오름테라퓨틱,211
366030,공구우먼,144
053160,프리엠스,28123
011400,아진카인텍,30320
222670,플럼라인생명과학,701
065350,신성델타테크,28519
298870,우리벤처파트너스,649
090410,덕신이피씨,25112
003050,링세오코리아,28302
124560,태웅로직스,5299
332190,오션스바이오,27199
064760,티씨케이,23999
301300,바이브컴퍼니,58222
226950,올릭스,70113
039230,제이앤케이인더스트리,272
237750,피앤씨테크,28123
093320,케이아이엔엑스,63112
082850,우리바이오,108
101730,위메이드맥스,5821
433530,키움제7호기업인수목적,66199
460870,에스엠씨지,231
065060,지엔코,141
009320,아진전자부품,303
119650,KC코트렐,291
079650,서산,23322
164060,이루다,27199
060300,레드로버,59112
004450,삼화왕관,25991
001290,상상인증권,66121
475580,에이럭스,33999
077360,덕산하이메탈,261
213420,덕산네오룩스,262
215480,토박스코리아,474
372320,큐로셀,70113
033530,SJG세종,303
119860,커넥트웨이브,58221
377450,리파인,63991
481070,에이유브랜즈,47430
038530,케이바이오,464
386580,한화플러스제2호기업인수목적,661
105550,엣지파운드리,2629
352820,하이브,592
439580,블루엠텍,467
000400,롯데손해보험,65121
111110,호전실업,14199
138070,신진에스엠,259
477380,미래에셋비전스팩4호,66199
405640,신한제9호기업인수목적,66199
163430,디피코,302
290090,트윔,58222
046400,휴스토리,26
357880,SKAI,58222
010640,진양폴리우레탄,22259
012330,현대모비스,303
066360,체리부로,10121
016740,두올,303
050110,캠시스,262
434480,모니터랩,58221
384470,코어라인소프트,58222
266470,바이오인프라생명과학,70113
347850,디앤디파마텍,70113
215200,메가스터디교육,85503
047050,포스코인터내셔널,461
000520,삼일제약,212
005690,파미셀,211
093240,형지엘리트,14112
446440,에피바이오텍,70113
368030,창대정밀,29293
477760,디비금융스팩12호,6491
141080,리가켐바이오,70113
043150,바텍,271
041830,인바디,27199
234080,JW생명과학,212
114090,GKL,91249
327610,펨토바이오메드,271
445090,에이직랜드,26112
036180,지더블유바이텍,4659
073640,테라사이언스,25929
489210,교보17호스팩,661
004080,신흥,4659
011150,CJ씨푸드,108
029530,신도리코,263
018880,한온시스템,29172
079970,투비소프트,58221
020560,아시아나항공,511
298690,에어부산,511
099750,이지케어텍,58222
487830,신한제15호스팩,661
421800,교보12호기업인수목적,66199
466410,사이냅소프트,58222
484130,하나34호스팩,66199
017180,명문제약,212
089530,에이티세미콘,739
019660,글로본,468
413600,키움제6호기업인수목적,661
015760,한국전력공사,35120
002380,케이씨씨,20411
219750,한국비티비,271
462870,시프트업,58212
007280,한국특강,24121
004650,창해에탄올,11121
003030,세아제강지주,64992
036800,나이스정보통신,61299
052900,KX하이텍,2224
032710,신한카드,64913
317400,자이에스앤디,681
443060,HD현대마린솔루션,7212
131030,옵투스제약,212
267260,HD현대일렉트릭,281
214450,파마리서치,213
271980,제일약품,212
144510,지씨셀,73909
265740,엔에프씨,20423
015540,에코바이브,759
043260,성호전자,26291
263540,어스앤에어로스페이스,31322
019770,서연탑메탈,292
172670,에이엘티,2612
348080,큐라티스,70113
042660,한화오션,3111
036580,팜스코,105
474170,루미르,31311
115570,스타플렉스,2221
424140,케이비제21호기업인수목적,661
096250,와이즈넛,58221
100130,동국S&C,2511
079980,휴비스,20501
089150,케이씨티,62021
088130,동아엘텍,292
067830,세이브존I&C,47111
087600,픽셀플러스,2629
329180,HD현대중공업,31113
092870,엑시콘,29271
192250,케이사인,58221
475240,하나32호스팩,66199
451250,삐아,20423
013580,계룡건설산업,412
032790,엠젠솔루션,465
400760,NH올원리츠,6812
030350,드래곤플라이,5821
046310,백금T&A,2642
389500,에스비비테크,291
148140,비디아이,291
005090,SGC에너지,351
007980,TP,141
030190,NICE평가정보,63991
045660,에이텍,26310
089010,켐트로닉스,204
279060,이노벡스,272
211050,인카금융서비스,66202
243070,휴온스,212
267980,매일유업,104
333620,엔시스,28909
333050,모코엠시스,582
476080,M83,59111
060000,국민은행,64121
398120,에스지헬스케어,27111
048530,인트론바이오,211
072020,중앙백신,211
087010,펩트론,211
078160,메디포스트,211
297090,씨에스베어링,29141
112610,씨에스윈드,2511
425290,삼성기업인수목적6호,661
214270,FSN,582
038500,삼표시멘트,239
058860,KTis,63991
114450,그린생명과학,211
086900,메디톡스,211
207940,삼성바이오로직스,211
191420,테고사이언스,211
331920,셀레믹스,211
302440,SK바이오사이언스,211
012200,계양전기,291
051490,나라엠앤디,292
071670,에이테크솔루션,292
008250,이건산업,16211
016250,SGC E&C,4112
024720,콜마홀딩스,64992
109070,주성코퍼레이션,264
058220,아리온테크놀로지,264
436530,케이비제22호기업인수목적,661
006050,국영지앤엠,231
010120,엘에스일렉트릭,28121
012620,원일특강,24123
005870,휴니드테크놀러지스,2642
048550,SM C&C,713
156100,엘앤케이바이오,27194
065650,하이퍼코퍼레이션,465
417970,모델솔루션,292
382480,지아이텍,292
126700,하이비젼시스템,273
054930,유신,72111
074610,이엔플러스,29193
047820,초록뱀미디어,59114
104460,디와이피엔에프,29163
131100,티엔엔터테인먼트,591
004270,남성,467
140430,카티스,620
060480,국일신동,24221
005300,롯데칠성음료,11209
045060,오공,20493
060370,LS마린솔루션,423
037440,희림,72111
048410,현대바이오,204
064850,에프앤가이드,639
032640,LG유플러스,61220
100590,머큐리,2642
031440,신세계푸드,56130
076080,웰크론한텍,411
079160,CJ CGV,59141
219130,타이거일렉,2622
396470,워트,29271
308080,바이젠셀,701
327260,RF머트리얼즈,26299
458320,케이비제26호기업인수목적,66199
101970,우양에이치씨,2512
052270,우전,262
042700,한미반도체,29271
357580,아모센스,262
005160,동국산업,24122
026890,스틱인베스트먼트,64201
128660,피제이메탈,2429
007690,국도화학,20111
210120,캔버스엔,59114
315640,딥노이드,582
065570,삼영이엔씨,26429
003220,대원제약,212
128540,에코캡,303
208350,지란지교시큐리티,582
218410,RFHIC,264
222800,심텍,2622
318160,셀바이오휴먼텍,139
453860,에이에스텍,20499
462520,조선내화,2321
073240,금호타이어,221
199480,뱅크웨어글로벌,58222
086710,선진뷰티사이언스,20499
277880,티에스아이,292
456070,이엔셀,211
463480,모티브링크,26294
450080,에코프로머티,28202
000120,CJ대한통운,493
045100,한양이엔지,721
001510,SK증권,66121
090360,로보스타,29280
166090,하나머티리얼즈,2612
212710,아이에스티이,261
002000,생고뱅코리아홀딩스,64992
492220,KB제31호스팩,66199
419700,이브이파킹서비스,465
396300,세아메카닉스,259
047040,대우건설,41112
430460,한화플러스제3호기업인수목적,661
057050,현대홈쇼핑,47919
489730,디비금융제13호스팩,649
458610,한국제12호스팩,66199
042940,상지건설,411
118000,메타케어,4659
181340,이즈미디어,27212
079550,LIG넥스원,25200
298040,효성중공업,281
900070,글로벌에스엠,64992
059270,해성에어로보틱스,259
402490,그린리소스,261
393360,신한제8호기업인수목적,661
412540,제일엠앤에스,292
131180,딜리,26323
003090,대웅,212
160600,이큐셀,2927
299910,애닉,5821
123040,엠에스오토텍,303
266350,팡스카이,5821
050090,비케이홀딩스,713
005290,동진쎄미켐,20129
052690,한전기술,72129
136540,윈스테크넷,62021
123750,알톤,31991
010770,평화홀딩스,303
033640,네패스,261
035720,카카오,63120
036570,엔씨소프트,582
053210,케이티스카이라이프,60229
046120,오르비텍,7291
069640,한세엠케이,4741
452400,이닉스,30399
063160,종근당바이오,212
069620,대웅제약,212
068050,팬엔터테인먼트,59114
067310,하나마이크론,2611
001740,SK네트웍스,467
487570,HS효성,64999
002230,피에스텍,27214
291230,엔피,759
368600,아이씨에이치,262
474490,유안타제16호스팩,661
012650,쌍용건설,41221
005490,POSCO홀딩스,2411
004000,롯데정밀화학,20119
163560,동일고무벨트,2219
088340,유라클,58221
084670,동양고속,49220
244920,에이플러스에셋,66202
139480,이마트,471
389650,넥스트바이오메디컬,27199
475400,씨메스,29299
222080,씨아이에스,292
221980,케이디켐,2049
114630,폴라리스우노,20501
064240,홈캐스트,467
034300,신세계건설,4112
199430,케이엔알시스템,272
003690,코리안리,65200
042370,비츠로테크,64992
007700,F&F 홀딩스,64992
036560,KZ정밀,29120
054300,팬스타엔터프라이즈,29169
035510,신세계I&C,62021
134580,탑코미디어,631
383220,F&F,14111
415640,KB발해인프라,642
474610,RF시스템즈,25924
015360,INVENI,715
054670,대한뉴팜,212
460850,동국씨엠,24122
484870,엠앤씨솔루션,292
192410,오늘이엔엠,2642
469750,아이비젼웍스,292
376190,엘비루셈,2611
003080,SB성보,2032
066790,씨씨에스,60222
121440,골프존홀딩스,461
337930,젝시믹스,639
390110,애니메디솔루션,27199
224020,에스케이씨에스,22291
314130,지놈앤컴퍼니,211
319400,현대무벡스,291
330860,네패스아크,739
382900,범한퓨얼셀,28111
044990,에이치엔에스하이텍,262
289930,웨이비스,261
002820,SUN&L,16211
348370,엔켐,20119
341310,이앤에치,13992
010090,이마트에브리데이,47121
007460,에이프로젠,259
240600,유진테크놀로지,259
263720,디앤씨미디어,581
101170,우림피티에스,29142
136660,큐엠씨,2927
049180,셀루메드,211
224760,엔에스컴퍼니,412
489500,엘케이켐,20499
446600,카이바이오텍,212
234340,헥토파이낸셜,63999
021040,대호특수강,24123
226400,오스테오닉,27199
008670,신한투자증권,66121
009810,플레이그램,467
169330,엠브레인,71400
453450,그리드위즈,739
009580,무림P&P,171
001810,무림SP,171
456010,아이씨티케이,261
034950,한국기업평가,75993
047730,텔라움,2642
025950,동신건설,41221
036170,에이치엠넥스,2612
053200,디이시스,2812
009200,무림페이퍼,171
059210,메타바이오메드,213
064550,바이오니아,213
042520,한스바이오메드,213
260660,알리코제약,213
340570,티앤엘,213
138610,나이벡,213
950130,엑세스바이오,213
153710,옵티팜,213
253840,수젠텍,213
304840,피플바이오,213
053980,오상자이엘,582
199550,레이저옵텍,27112
465770,STX그린로지스,501
004250,엔피씨,22232
084110,휴온스글로벌,212
083550,케이엠,139
000150,두산,64992
038290,마크로젠,73909
001520,동양,23322
145170,노브랜드,143
263750,펄어비스,58211
002140,고려산업,105
065770,CS,2642
388800,유진기업인수목적7호,66199
462350,이노스페이스,31311
036830,솔브레인홀딩스,715
430700,유안타제9호기업인수목적,66199
435570,에르코스,107
062970,한국첨단소재,26410
308430,셀비온,212
000720,현대건설,41221
318020,포인트모바일,263
183410,골프존클라우드,27211
194510,넥스쳐,5821
004940,하나은행,64121
136510,스마트솔루션즈,29272
473950,SK증권제13호스팩,66199
005750,대림바스,23222
036670,삼양케이씨아이,20421
005320,온타이드,46413
279600,미디어젠,58222
144960,뉴파워프라즈마,29271
139130,iM금융지주,64992
039200,오스코텍,212
067370,선바이오,212
215600,신라젠,70113
187420,HLB제넥스,211
003410,쌍용씨앤이,23311
092070,디엔에프,2049
487720,키움제10호스팩,661
055490,테이팩스,2229
005500,삼진제약,212
026960,동서,4632
005810,풍산홀딩스,64992
001450,현대해상,65121
086890,이수앱지스,213
094850,참좋은여행,752
455900,엔젤로보틱스,29280
473980,노머스,90199
023790,동일스틸럭스,24121
302920,더콘텐츠온,59130
086520,에코프로,64992
499790,GS피앤엘,64992
170790,파이오링크,26410
065370,위세아이텍,58221
477470,미래에셋비전스팩5호,66199
458870,씨어스테크놀로지,27199
275630,에스에스알,582
060910,프리젠,01299
245620,EDGC,70113
351020,미쥬,141
082210,옵트론텍,273
126720,수산인더스트리,422
229000,젠큐릭스,213
105560,KB금융,64992
054620,APS,64992
237690,에스티팜,212
464080,에스오에스랩,27211
175250,아이큐어,212
019570,플루토스,64209
322190,베른,30201
241790,티이엠씨씨엔에스,292
009680,모토닉,303
400840,하이제7호기업인수목적,66199
481890,엔에이치스팩31호,661
438220,대신밸런스제13호기업인수목적,66199
482690,대신밸런스제19호스팩,66199
459100,위츠,26299
389680,유디엠텍,58222
007680,대원,41112
017810,풀무원,108
115390,락앤락,22299
065500,오리엔트정공,303
065170,비엘팜텍,463
051630,진양화학,22214
003780,진양산업,2225
032190,다우데이타,46510
031210,서울보증보험,65122
046110,한일네트웍스,63112
133820,화인베스틸,24121
454910,두산로보틱스,2928
168490,한국투자패러랠유전해외자원개발특별자산투자회사1호(지분증권),64209
079370,제우스,29271
204270,제이앤티씨,262
091580,상신이디피,28202
450950,아스테라시스,27112
373160,데이원컴퍼니,85669
377220,프롬바이오,108
145720,덴티움,27191
419270,신영해피투모로우제7호기업인수목적,66199
460470,아이빔테크놀로지,27309
300720,한일시멘트,23311
489480,키움제11호스팩,66199
475460,미트박스,639
493790,유안타제17호스팩,66199
044490,태웅,25912
201490,미투온,5821
180060,탑선,289
900280,케이만금세기차륜집단유한공사,64992
006840,AK홀딩스,64992
139990,아주스틸,2419
033560,블루콤,26529
464500,아이언디바이스,26112
422040,엔에이치기업인수목적23호,66199
217330,싸이토젠,70113
208710,포톤,262
001340,PKC,20131
076340,지에이이노더스,421
127980,화인써키트,262
373110,엑셀세라퓨틱스,211
002700,신일전자,46521
234920,자이글,28511
021960,케이비캐피탈,64911
003190,알바이오,21100
001230,동국홀딩스,649
048470,대동스틸,467
001000,신라섬유,681
071970,HD현대마린엔진,29119
106520,노블엠앤비,273
484810,티엑스알로보틱스,291
018260,삼성에스디에스,62021
006400,삼성SDI,28202
025860,남해화학,20312
482630,삼양엔씨켐,20499
043610,KT지니뮤직,603
419050,삼기에너지솔루션즈,303
448730,삼성FN리츠,6811
488060,유진스팩11호,66199
382800,지앤비에스 에코,29271
230980,비유테크놀러지,582
217880,틸론,58222
046210,HLB파나진,213
004590,한국가구,478
016100,리더스코스메틱,172
042040,케이피엠테크,467
030530,원익홀딩스,201
033050,제이엠아이,204
014100,메디앙스,468
040350,크레오에스지,620
462980,아이지넷,63991
144620,코오롱머티리얼,2050
498390,한화플러스제5호스팩,661
085660,차바이오텍,211
200710,에이디테크놀로지,2611
103590,일진전기,2830
007390,네이처셀,211
204620,글로벌텍스프리,661
001940,KISCO홀딩스,241
085620,미래에셋생명,65110
038110,에코플라스틱,30320
010470,오리콤,71310
001630,종근당홀딩스,212
024840,KBI메탈,242
002020,코오롱,64992
009410,태영건설,41221
204840,지엘팜텍,464
060250,NHN KCP,661
049080,기가레인,262
065690,파커스,221
074430,아미노로직스,211
200470,에이팩트,261
178320,서진시스템,289
014130,한익스프레스,49301
356680,엑스게이트,58221
222110,팬젠,212
457600,벡트,26519
033320,제이씨현시스템,46510
023150,MH에탄올,11121
065130,탑엔지니어링,29272
029780,삼성카드,64913
008040,사조동아원,105
472220,신영스팩10호,66199
007070,GS리테일,47122
477340,에이치엠씨제7호스팩,66199
013890,지누스,320
088800,에이스테크,2642
091440,한울소재과학,26410
098460,고영,29271
127710,아시아경제,63120
217190,제너셈,29271
122310,제노레이,27111
227950,엔투텍,292
239890,피엔에이치테크,20119
250000,보라티알,4632
273640,와이엠텍,2812
045340,토탈소프트,58221
162300,신스틸,241
035000,HS애드,71310
282690,동아타이어공업,221
032960,동일기연,2629
334970,프레스티지바이오로직스,212
382150,온코크로스,70111
355690,에이텀,262
417860,오브젠,58222
418250,시큐레터,58221
214870,한울비앤씨,465
229640,LS에코에너지,64992
265520,AP시스템,29272
418210,신한제10호기업인수목적,661
448900,한국피아이엠,303
039570,HDC랩스,423
046390,삼화네트웍스,59120
336060,웨이버스,582
209640,와이제이링크,29299
058430,포스코스틸리온,2419
003670,포스코퓨처엠,282
027740,마니커,1012
058650,세아홀딩스,241
195870,해성디에스,262
298050,HS효성첨단소재,205
206650,유바이오로직스,212
350520,이지스레지던스리츠,681
114920,대주이엔티,2413
099220,SDN,4659
122870,와이지엔터테인먼트,59201
177900,쓰리에이로직스,2611
064510,유네코,292
126870,앤에스,29174
331660,한국미라클피플사,20422
025880,케이씨피드,109
005990,매일홀딩스,104
413390,엠오티,29299
026910,광진실업,24121
192650,드림텍,2629
107640,한중엔시에스,281
478440,미래에셋비전스팩6호,66199
068870,LG생명과학,21212
432720,퀄리타스반도체,26112
001790,대한제당,105
002680,한탑,105
001130,대한제분,105
005860,한일사료,109
001680,대상,108
027710,팜스토리,109
033200,모아텍,2629
035810,이지홀딩스,109
004410,서울식품공업,108
052220,iMBC,603
006980,우성,105
352090,스톰테크,22211
005430,한국공항,52939
002960,한국쉘석유,19221
195990,에이비프로바이오,29223
086980,쇼박스,59130
255440,야스,29272
004920,씨아이테크,26529
008270,산은캐피탈,64911
065710,서호전기,28123
084450,세실,21100
041460,한국전자인증,58221
481850,신한글로벌액티브리츠,64201
452200,민테크,27212
197140,디지캡,58221
317240,TS트릴리온,204
424960,스마트레이더시스템,272
479960,위너스,289
086960,MDS테크,58221
070480,신비앤텍,29271
064520,테크엘,2612
001880,디엘건설,411
192440,슈피겐코리아,339
052710,아모텍,2629
313760,캐리,2811
068400,에스케이렌터카,76110
011790,SKC,204
323280,태성,292
103660,씨앗,204
041500,디비엘,21309
362990,드림인사이트,71310
482680,미래에셋비전스팩7호,66199
318410,비비씨,204
285800,진영,2221
002600,조흥,108
099320,쎄트렉아이,3131
092040,아미코젠,108
260970,에스앤디,108
101530,해태제과식품,108
067000,조이시티,5821
215570,크로넥스,70113
071200,인피니트헬스케어,582
233250,메디안디노스틱,213
415580,상상인제3호기업인수목적,661
019680,대교,851
054210,이랜텍,262
000030,우리은행,64121
432430,와이랩,591
199870,배터리솔루션즈,24213
258250,셀젠텍,582
253450,스튜디오드래곤,59114
110990,디아이티,29272
089850,유비벨록스,58221
000640,동아쏘시오홀딩스,64992
010050,우리종합금융,64919
073570,리튬포어스,339
170900,동아에스티,212
099520,DGI,26519
413630,씨피시스템,222
044070,한서제약,21212
057330,플래닛팔이,26293
254490,미래반도체,467
160190,하이젠알앤엠,28111
222980,한국맥널티,108
097950,CJ제일제당,108
136490,선진,109
194700,노바렉스,108
318010,팜스빌,108
248170,샘표식품,108
264900,크라운제과,106
357230,에이치피오,108
271560,오리온,108
218150,미래생명자원,109
270870,뉴트리,108
121060,유니포인트,620
086220,광동헬스바이오,108
418170,하나금융22호기업인수목적,661
476060,온코닉테라퓨틱스,701
009450,경동나비엔,28520
091590,남화토건,411
001260,남광토건,41221
007820,에스엠코어,29169
012800,대창,24221
017890,한국알콜,204
006040,동원산업,64992
023410,유진기업,23322
031310,아이즈비전,612
000890,보해양조,11122
005850,에스엘,303
006120,SK디스커버리,64992
047770,코데즈컴바인,141
066980,한성크린텍,721
092460,한라IMS,31114
003460,유화증권,66121
486630,KB제30호스팩,66199
178600,대동고려삼,108
066930,한국애보트진단,21309
126880,제이엔케이글로벌,291
236030,씨알푸드,105
277410,인산가,108
299900,위지윅스튜디오,59120
353190,휴럼,108
353810,이지바이오,109
368970,오에스피,109
011040,경동제약,212
014570,고려제약,212
023910,대한약품,212
006620,동구바이오제약,212
086450,동국제약,212
217820,원익피앤이,292
080000,에스엔유프리시젼,292
083450,GST,29271
013360,일성건설,41221
091120,이엠텍,262
010060,OCI홀딩스,64992
095700,제넥신,70113
005010,휴스틸,2413
200670,휴메딕스,212
222040,코스맥스엔비티,108
000240,한국앤컴퍼니,64992
122350,삼기,303
005420,코스모화학,2049
189330,씨이랩,582
009460,한창제지,171
196450,코아시아씨엠,273
012630,HDC,649
198440,강동씨앤엘,233
011200,HMM,50112
092440,기신정기,29293
088790,진도,467
450330,하스,21309
200580,메디쎄이,27199
246960,SCL사이언스,213
035150,백산,22214
009180,한솔로지스틱스,5299
001540,안국약품,212
012160,영흥,24123
052300,오션인더블유,468
372910,한컴라이프케어,27199
213500,한솔제지,171
263700,케어랩스,713
047940,비엔디,1090
050470,씨티앤티,71399
038710,콜마파마,21212
054020,지케이파워,26292
050960,수산아이앤티,582
003000,부광약품,212
001360,삼성제약,212
009300,삼아제약,212
000250,삼천당제약,212
006280,녹십자,212
018680,서울제약,212
002800,신신제약,212
012790,신일제약,212
003520,영진약품,212
000220,유유제약,212
000230,일동홀딩스,212
033270,유나이티드,212
002390,한독,212
116100,태양기계,303
203650,드림시큐리티,582
005720,넥센,221
002350,넥센타이어,221
028100,동아지질,421
226340,본느,204
034830,한국토지신탁,642
138490,코오롱ENP,20202
308100,형지글로벌,4741
089470,HDC현대EP,204
278650,HLB바이오스텝,70113
095570,AJ네트웍스,76320
270660,에브리봇,28519
282880,코윈테크,292
120110,코오롱인더,205
137310,에스디바이오센서,27112
004710,한솔테크닉스,26299
085370,루트로닉,27199
080530,코디,204
304360,에스바이오메딕스,212
062860,티엘아이,2611
053330,영진코퍼레이션,29176
464580,닷밀,591
009420,한올바이오파마,212
004310,현대약품,212
016580,환인제약,212
067080,대화제약,212
053030,바이넥스,212
034940,조아제약,212
200780,비씨월드제약,212
354390,바스칸바이오제약,212
068760,셀트리온제약,212
330350,위더스제약,212
128940,한미약품,212
084990,헬릭스미스,70113
222810,세토피아,241
412930,미래에셋비전기업인수목적1호,66199
161390,한국타이어앤테크놀로지,221
950160,코오롱티슈진,211
227840,현대코퍼레이션홀딩스,463
302550,리메드,27199
294870,HDC현대산업개발,411
216400,인바이츠바이오코아,70113
101160,월덱스,262
005270,아이엠뱅크,64121
000430,대원강업,303
096610,알에프세미,2612
347740,피엔케이피부임상연구센타,739
126730,코칩,2629
473000,SK증권제12호스팩,66199
166480,코아스템켐온,212
185750,종근당,212
195940,HK이노엔,212
006220,제주은행,64121
044480,빌리언스,22193
024910,경창산업,30331
002710,TCC스틸,24191
008830,대동기어,292
020120,키다리스튜디오,631
009520,포스코엠텍,24199
046890,서울반도체,2612
044820,코스맥스비티아이,64992
023160,태광,2413
308170,씨티알모빌리티,303
019550,SBI인베스트먼트,64209
092220,KEC,2612
192820,코스맥스,20423
336260,두산퓨얼셀,28111
092190,서울바이오시스,2612
050320,에스에이치엔엘,259
444920,유안타제11호스팩,661
450940,유안타제14호스팩,66199
311320,지오엘리먼트,262
391060,엔에이치기업인수목적20호,661
452260,한화갤러리아,47111
161000,애경케미칼,201
066700,테라젠이텍스,212
250060,모비스,620
010170,대한광통신,283
039020,이건홀딩스,161
064090,인크레더블버즈,468
011080,형지I&C,1419
147830,제룡산업,251
452980,신한제11호스팩,66199
474930,신한제13호스팩,661
474660,신한제12호스팩,66199
036280,남산물산,10899
067250,케이조선,3111
044180,KD,411
013120,동원개발,41112
014580,태경비케이,23312
246710,티앤알바이오팹,211
365340,성일하이텍,201
011700,한신기계공업,29132
431190,케이쓰리아이,582
068270,셀트리온,211
013000,세우글로벌,467
009780,엠에스씨,108
018700,바른손,464
021050,서원,243
027040,서울전자통신,281
000670,영풍,24213
033170,시그네틱스,2612
033340,좋은사람들,14120
004090,한국석유공업,23999
003480,한진중공업홀딩스,352
035620,바른손이앤에이,591
437730,삼현,303
002460,HS화성,41112
019010,베뉴지,47111
036420,콘텐트리중앙,591
194480,데브시스터즈,58212
001490,천지산업,46417
028300,HLB,213
031510,오스템,303
066620,국보디자인,424
039340,한국경제TV,60221
006110,삼아알미늄,24222
008700,아남전자,265
137950,제이씨케미칼,2049
025000,KPX케미칼,20119
096530,씨젠,2130
397880,교보11호기업인수목적,661
420570,제이투케이바이오,20423
064060,사이노젠,29175
016360,삼성증권,66121
011070,LG이노텍,262
032830,삼성생명,65110
069410,엔텔스,58221
010140,삼성중공업,3111
070590,한솔인티큐브,62010
004170,신세계,47111
001500,현대차증권,66121
012750,에스원,75320
000850,화천기공,29223
081000,일진다이아,204
163280,에어레인,29175
069330,유아이디,26211
086250,화신테크,29293
190510,나무가,262
039490,키움증권,66121
238200,비피도,108
406760,하나금융21호기업인수목적,66199
240550,동방메디컬,271
199820,제일일렉트릭,28123
404990,신한서부티엔디리츠,68112
002240,고려제강,2411
000540,흥국화재,65121
021320,KCC건설,41112
027830,대성창투,64209
016090,대현,14112
108320,LX세미콘,2612
005280,부산은행,64121
033240,자화전자,26292
171120,라이온켐텍,2049
071950,코아스,320
056090,시지메드텍,27192
131290,티에스이,27212
078000,텔코웨어,631
058850,KTcs,63991
067160,SOOP,582
095720,웅진씽크빅,85120
083790,CG인바이츠,70113
134790,시디즈,32029
080470,성창오토텍,303
480370,씨케이솔루션,721
088390,이녹스,319
363280,티와이홀딩스,64992
109610,에스와이,25112
086390,유니테스트,29271
360350,코셈,27219
471820,셀로맥스사이언스,10897
053590,한국테크놀로지,264
267080,세븐브로이맥주,11112
286000,씨엔티드림,20423
004800,효성,649
003470,유안타증권,66121
025550,한국선재,24123
030720,동원수산,03111
019990,에너토크,29133
015710,코콤,26410
007610,선도전기,28123
000970,한국주철관공업,24131
039420,케이엘넷,61299
000800,경남기업,41112
078650,지나인제약,27301
030790,비케이탑스,620
239340,이스트에이드,631
041650,상신브레이크,303
002870,신풍,467
199800,툴젠,701
260870,SK시그넷,2811
095340,ISC,465
096630,에스코넥,26422
122450,KX,60221
187220,디티앤씨,729
289010,아이스크림에듀,58190
232140,와이씨,292
348030,모비릭스,5821
432980,엠에프씨,21100
272290,이녹스첨단소재,2629
328380,솔트웨어,620
037230,한국팩키지,17223
032860,더라미,383
063440,SM Life Design,182
004560,현대비앤지스틸,24122
090850,현대이지웰,58222
017390,서울도시가스,35200
022100,포스코DX,72129
445180,퓨릿,20119
009540,HD한국조선해양,64992
065530,와이어블,61299
267850,아시아나IDT,62021
039740,한국정보공학,467
100220,비상교육,5811
040160,누리플렉스,58221
097230,HJ중공업,41221
062580,인산가,108
217730,강스템바이오텍,211
294140,레몬,20501
048870,시너지이노베이션,271
105330,케이엔더블유,303
082740,한화엔진,29111
091090,세원이앤씨,251
198080,캐프,26224
454750,하나28호기업인수목적,66199
006390,한일현대시멘트,23311
0068Y0,비엔케이제3호스팩,66199
380550,뉴로핏,58222
282330,BGF리테일,47122
027410,BGF,64992
256840,한국비엔씨,211
008930,한미사이언스,64992
205500,넥써쓰,582
336680,탑런토탈솔루션,262
456040,OCI,20129
003310,대주산업,109
060590,씨티씨바이오,212
058450,한주에이알티,591
238090,앤디포스,222
057880,푸른소나무,872
065450,빅텍,27211
000020,동화약품,212
037330,인지디스플레,26211
309710,아이티켐,21100
011210,현대위아,303
085310,엔케이,2512
044060,조광아이엘아이,29133
060230,제이케이시냅스,204
089140,넥스턴앤롤코리아,292
160980,싸이맥스,29271
023800,인지컨트롤스,30310
446190,미래에셋비전기업인수목적2호,66199
342870,오아,47320
442770,아이비케이에스제21호기업인수목적,661
459550,알트,264
033830,티비씨,60210
060560,HC홈센타,467
225530,HC보광산업,239
950110,SBI핀테크솔루션즈,58222
007720,소노스퀘어,468
001470,삼부토건,41221
054220,비츠로시스,28123
060150,인선이엔티,38230
148930,에이치와이티씨,25924
314140,알피바이오,212
354200,엔젠바이오,739
460940,피앤에스로보틱스,27199
017040,광명전기,28123
089230,THE E&M,639
290560,신시웨이,58221
335870,윙스풋,474
017250,인터엠,265
061090,세나테크놀로지,26429
058400,KNN,60210
084180,수성웹툰,29169
214610,롤링스톤,27199
448740,삼성기업인수목적8호,66199
010960,삼호개발,421
038880,아이에이,262
125490,한라캐스트,303
027970,한국제지,171
419540,비스토스,27199
238500,로보쓰리에이아이,739
0115H0,삼성스팩13호,66199
078860,스테이지원엔터,591
306620,지아이에스,292
466910,엔에이치스팩30호,66199
0054V0,엔에이치스팩32호,6619
455250,케이비제25호기업인수목적,66199
446150,유안타제12호기업인수목적,661
290670,대보마그네틱,28909
103840,우양,103
051900,LG생활건강,20422
043100,알파AI,27192
102280,쌍방울,14120
060900,에이전트AI,351
394280,오픈엣지테크놀로지,582
0096B0,삼성스팩12호,64999
086820,바이오솔루션,211
006090,사조오양,102
013720,THE CUBE&,303
0030R0,대신밸류리츠,642
305090,마이크로디지탈,271
442310,대신밸런스제14호기업인수목적,661
440790,교보13호기업인수목적,66199
489790,한화비전,264
104480,티케이케미칼,20501
103160,풀무원식품,46
138080,오이솔루션,26410
011300,성안머티리얼스,13213
054180,메디콕스,31114
335890,비올,271
0015S0,페스카로,739
000860,강남제비스코,20411
025440,DH오토웨어,265
013700,까뮤이앤씨,41121
016590,신대양제지,172
475430,키스트론,28302
001720,신영증권,66121
033230,인성정보,62021
067630,HLB생명과학,213
007110,일신석재,466
104540,코렌텍,27192
002880,대유에이텍,303
097780,에코볼트,303
311390,네오크레마,108
307180,아이엘,284
439260,대한조선,3111
381620,제닉스로보틱스,29299
362320,청담글로벌,46443
024900,디와이덕양,303
042500,링네트,62021
214370,케어젠,211
0126Z0,삼성에피스홀딩스,64992
047920,HLB제약,70111
110790,크리스에프앤씨,1419
096770,SK이노베이션,192
011280,태림포장,1721
0008Z0,에스엔시스,28123
005380,현대자동차,30121
307950,현대오토에버,582
189350,코셋,26410
278990,EMB,281
0009K0,에임드바이오,70113
069920,엑시온그룹,479
016790,현대사료,109
003830,대한화섬,20501
033310,엠투엔,262
019560,한국투자파트너스,64209
007160,사조산업,102
000300,DH오토넥스,303
036710,심텍홀딩스,715
003240,태광산업,20501
054050,농우바이오,01123
036220,오상헬스케어,271
040610,SG&G,303
033790,피노,264
176590,코나솔,259
060240,스타코링크,311
461030,아이엠비디엑스,701
459510,나우로보틱스,29280
027050,코리아나,20423
220180,핸디소프트,58222
024810,이화전기공업,2811
096040,이트론,467
361670,삼영에스앤씨,2629
079810,디이엔티,289
081150,티플랙스,242
211270,AP위성,264
352700,씨앤투스,205
294570,쿠콘,639
310210,보로노이,701
443670,에스피소프트,461
394800,쓰리빌리언,701
472850,폰드그룹,474
306200,세아제강,2413
062040,산일전기,28112
035080,그래디언트,479
332570,PS일렉트로닉스,26299
258540,에스엘테라퓨틱스,70113
004540,깨끗한나라,171
440110,파두,26112
393210,토마토시스템,582
387570,파인메딕스,27199
369370,블리츠웨이엔터테인먼트,901
457370,한켐,20119
037400,우리엔터프라이즈,468
068940,셀피글로벌,26293
438700,버넥트,58222
039010,현대에이치티,26410
454640,하나29호기업인수목적,66199
138360,협진,292
226320,잇츠한불,20423
153490,우리이앤엘,2612
262840,아이퀘스트,58222
457190,이수스페셜티케미컬,20111
348150,고바이오랩,70113
004720,팜젠사이언스,212
010280,아이티센엔텍,62021
075180,새론오토모티브,303
001250,GS글로벌,468
215090,솔디펜스,272
066670,디티씨,26211
322510,제이엘케이,582
450140,코오롱모빌리티그룹,45110
237820,플레이디,71310
439090,마녀공장,204
223310,사토시홀딩스,468
078940,퀀타피아,464
030000,제일기획,71310
000040,KR모터스,319
070960,모나용평,55103
066590,우수AMS,303
458650,성우,282
261780,차백신연구소,70113
347700,스피어,58222
435870,에스케이증권제8호기업인수목적,66199
014990,인디에프,14112
456440,디비금융제11호기업인수목적,64999
188040,바이오포트,108
484120,도우인시스,26211
267790,배럴,1419
009830,한화솔루션,20111
026970,대백저축은행,64132
011320,유니크,303
035890,서희건설,4112
483650,달바글로벌,20423
041520,이엘씨,272
215380,우정바이오,701
377330,이지트로닉스,2811
418620,E8,582
445360,비엔케이제1호기업인수목적,66199
475230,엔알비,259
040300,YTN,591
125020,티씨머티리얼즈,283
468530,프로티나,701
367000,플래티어,58222
101000,KS인더스트리,292
323350,다원넥스뷰,292
403850,더핑크퐁컴퍼니,591
021880,메이슨캐피탈,64911
108670,LX하우시스,2222
309930,조이웍스앤코,475
041440,현대에버다임,29241
261520,이지스,58221
288490,나라소프트,58222
355390,크라우드웍스,582
069460,대호에이엘,24222
004490,세방전지,28202
455180,케이지에이,29271
001140,국보,49301
123010,아이윈플러스,262
208340,파멥신,212
495900,에이엠시지,27199
161570,더미동,26519
263920,휴엠앤씨,33999
0004V0,엔비알모션,259
134060,이퓨쳐,58111
419080,엔젯,29272
0037T0,KB제32호스팩,66199
049770,동원F&B,108
109960,앱토크롬,467
123420,위메이드플레이,5821
145020,휴젤,211
071840,롯데하이마트,47320
001440,대한전선,28302
043090,더테크놀로지,467
020760,일진디스플,261
159910,에코글로우,204
256940,킵스파마,212
352770,셀레스트라,213
014820,동원시스템즈,222
298000,효성화학,201
091340,S&K폴리텍,2629
180400,DXVX,729
340360,다보링크,264
102950,아하,262
217480,에스디생명공학,20423
352480,씨앤씨인터내셔널,20423
007570,일양약품,212
393970,대진첨단소재,22213
291650,압타머사이언스,701
122900,아이마켓코리아,46800
435380,유안타제10호기업인수목적,661
296640,이노룰스,58222
117670,알파칩스,2611
034120,SBS,60210
391710,코닉오토메이션,292
064800,포니링크,474
403550,쏘카,76110
448370,하나27호기업인수목적,66199
494120,큐리오시스,273
096640,멜파스,2629
200130,콜마비앤에이치,211
061040,알에프텍,2642
115480,씨유메디칼,27112
124500,아이티센글로벌,62021
079940,가비아,58221
063080,컴투스홀딩스,582
169670,코스텍시스템,29271
123330,제닉,20423
037370,EG,201
004440,삼일씨엔에스,23325
123840,뉴온,108
286750,나노실리칸첨단소재,20129
154040,다산솔루에타,2629
012600,청호ICT,29180
004380,삼익THK,29141
001060,JW중외제약,212
151860,KG에코솔루션,302
011170,롯데케미칼,20111
317330,덕산테코피아,2049
090350,노루페인트,20411
280360,롯데웰푸드,108
383800,LX홀딩스,64992
488900,비츠로넥스텍,31322
950170,JTC,471
008350,남선알미늄,24222
008970,KBI동양철관,2413
009310,참엔지니어링,29271
035290,골드앤에스,581
446750,하나26호기업인수목적,661
140910,에이리츠,68121
021650,한국큐빅,2229
066910,손오공,467
388610,지에프씨생명과학,20495
403870,HPSP,29271
462510,라메디텍,2711
004960,한신공영,41112
030210,다올투자증권,66121
016610,DB증권,66121
003620,KG모빌리티,301
403490,우듬지팜,103
389140,포바이포,59113
321370,센서뷰,262
033780,케이티앤지,12000
060280,큐렉소,47812
078130,국일제지,179
009190,대양금속,24122
045390,대아티아이,289
193250,링크드,2629
208640,썸에이지,582
003920,남양유업,104
273060,와이즈버즈,713
058530,파나케이아,292
034220,LG디스플레이,2621
017000,신원종합개발,41112
082640,동양생명,65110
069540,빛과전자,264
047810,한국항공우주,31311
095190,이엠코리아,259
212560,네오오토,303
014200,광림,301
017550,수산세보틱스,29241
475960,토모큐브,27309
496070,신한제16호스팩,661
143210,핸즈코퍼레이션,303
220260,켐트로스,204
320000,한울반도체,292
123700,에스제이엠,303
019590,에스유앤피,64209
456570,아이엠지티,213
238490,힘스,29272
373200,엑스플러스,339
341170,퓨쳐메디신,70113
071460,위니아,28519
072520,제넨바이오,701
372170,윤성에프앤씨,292
439730,아이비케이에스제20호기업인수목적,661
439250,삼성기업인수목적7호,66199
321550,티움바이오,70113
007310,오뚜기,108
067170,오텍,304
129260,인터지스,49301
478780,대신밸런스제18호기업인수목적,66199
226360,케이에이치건설,412
308700,테크엔,28422
174880,장원테크,26422
214420,토니모리,20423
012720,건영,4111
069730,DSR제강,24123
060310,3S,272
416180,신성에스티,30399
463020,뉴엔AI,58222
448830,미래에셋비전기업인수목적3호,66199
111870,케이에이치미래물산,265
493330,지에프아이,29192
131400,이브이첨단소재,2622
318060,그래피,20202
200230,텔콘RF제약,212
139050,BF랩스,62021
266170,레드우즈,59114
232680,라온로보틱스,29280
403810,아이엘로보틱스,262
012690,모나리자,17902
361610,SK아이이테크놀로지,282
039560,다산네트웍스,26410
234030,싸이닉솔루션,26112
004870,티웨이홀딩스,23325
476470,케이비제28호기업인수목적,66199
442130,유진기업인수목적9호,66199
462310,뉴키즈온,141
195500,마니커에프앤지,10121
089600,KT나스미디어,71310
005180,빙그레,104
465480,인스피언,582
405000,플라즈맵,27199
038680,에스넷,62021
251120,바이오에프디엔씨,2110
289170,바이오텐,108
289860,지슨,58221
290660,네오펙트,27199
0041B0,교보18호스팩,66199
456160,지투지바이오,21212
208860,다산디엠씨,58222
052020,에스티큐브,465
413640,비아이매트릭스,5822
357780,솔브레인,204
296520,가이아코퍼레이션,46499
412350,레이저쎌,29271
263050,유틸렉스,211
0007C0,아크릴,58222
081660,미스토홀딩스,464
096350,대창솔루션,251
036120,서울평가정보,63991
276730,한울앤제주,11112
331380,포커스에이아이,265
081180,쎄크,291
117580,대성에너지,35200
478560,블랙야크아이앤씨,152
000110,한국스탠다드차타드은행,64121
069260,티케이지휴켐스,2049
031860,디에이치엑스컴퍼니,46800
084680,이월드,331
078350,한양디지텍,2611
0001A0,덕양에너젠,352
083470,이엠앤아이,201
006350,전북은행,64121
102260,동성케미컬,20202
084370,유진테크,29271
078140,대봉엘에스,212
496320,본시스템즈,292
094860,네오리진,58221
284620,카이노스메드,701
377460,위니아에이드,953
307750,국전약품,212
004990,롯데지주,64992
066970,엘앤에프,28202
226590,엠디바이스,262
336040,타스컴,27199
466100,클로봇,58221
0097F0,미래에셋비전스팩10호,66199
246720,아스타,213
298380,에이비엘바이오,211
340810,시선AI,58221
131760,파인텍,292
001080,만호제강,24123
102370,케이옥션,4610
446840,지슨,272
055550,신한지주,64992
082270,젬백스,29271
491000,리브스메드,27112
008020,경남에너지,35200
294090,이오플로우,27199
023460,씨앤에이치,649
003120,일성아이에스,212
477530,한국제14호기업인수목적,66199
364950,에이아이코리아,29271
336370,솔루스첨단소재,26299
900140,엘브이엠씨,451
222160,NPX,292
476040,오가노이드사이언스,70129
403360,라피치,58221
288330,파라택시스코리아,211
131970,두산테스나,739
112040,위메이드,5821
026870,코원에너지서비스,35200
248070,솔루엠,2629
230240,에치에프알,264
226330,신테카바이오,582
377030,비트맥스,582
298060,에스씨엠생명과학,212
440820,엔에이치기업인수목적27호,66199
058110,멕아이씨에스,27112
003060,에이프로젠바이오로직스,212
002320,한진,49309
038060,루멘스,2612
079900,전진건설로봇,292
034230,파라다이스,91249
011690,와이투솔루션,2611
001750,한양증권,66121
323230,엠에프엠코리아,143
008110,대동전자,264
066430,아이로보틱스,467
051390,YW,468
065680,우주일렉트로,2629
002250,알보젠코리아,21212
475560,더본코리아,468
474650,링크솔루션,29222
014680,한솔케미칼,20129
091810,티웨이항공,511
397030,에이프릴바이오,70113
038340,무궁화인포메이션테크놀로지,262
383930,디티앤씨알오,70113
082660,코스나인,204
388210,씨엠티엑스,26299
006740,블루산업개발,172
002210,동성제약,212
007370,진양제약,212
049470,비트플래닛,582
131090,시큐브,58221
236810,엔비티,71310
449020,유안타제13호기업인수목적,66199
023530,롯데쇼핑,47111
0093G0,미래에셋비전스팩8호,66199
005880,대한해운,50112
323990,박셀바이오,70113
005930,삼성전자,264
0096D0,미래에셋비전스팩9호,66199
019490,엑시큐어하이트론,265
223220,로지스몬,529
233990,질경이,20423
495810,유비씨,58221
281820,케이씨텍,272
006490,인스코비,612
224060,더코디,29271
031820,아이티센씨티에스,6201
101400,엔시트론,2611
234100,폴라리스세원,303
344820,케이씨씨글라스,2311
066270,네이트커뮤니케이션즈,631
032980,바이온,463
239610,에이치엘사이언스,108
088350,한화생명,65110
0041L0,하나35호스팩,66199
272210,한화시스템,26299
181710,NHN,5821
001040,CJ,64992
095910,에스에너지,2811
288620,에스퓨얼셀,281
487360,신한제14호스팩,66199
203690,아크솔루션스,171
002450,삼익악기,33201
270520,앱튼,721
450050,하이제8호기업인수목적,66199
012450,한화에어로스페이스,31321
032300,한국파마,212
053290,NE능률,5811
225190,LK삼양,273
452450,피아이이,29299
466690,키움히어로제1호스팩,66199
0098T0,교보19호스팩,66199
214320,이노션,71310
052770,아이톡시,582
0099X0,IBKS제25호스팩,66199
142280,녹십자엠에스,213
033630,에스케이브로드밴드,61210
068330,일신바이오,29171
004370,농심,108
000360,삼환기업,41221
447690,아이오바이오,27199
339770,교촌에프앤비,46313
104700,한국철강,2411
010420,한솔피엔에스,467
005940,NH투자증권,66121
005390,신성통상,467
303030,지니틱스,261
331520,밸로프,582
0071M0,삼성스팩11호,66199
001020,페이퍼코리아,171
038870,에코바이오,741
002170,삼양통상,15110
043710,서울리거,467
000320,노루홀딩스,64992
003530,한화투자증권,66121
073540,에프알텍,2642
317450,명인제약,21212
006360,GS건설,4111
484590,삼양컴텍,25200
179530,애드바이오텍,21230
227420,도부,132
008500,일정실업,133
083650,비에이치아이,29176
950250,테라뷰,64992
006060,화승인더스트리,46800
311960,인터로이드,582
418470,KT밀리의서재,581
376900,로킷헬스케어,21309
232830,아이티센피엔에스,58221
029960,코엔텍,353
105630,한세실업,14199
047080,한빛소프트,5821
083660,CSA 코스믹,204
476710,타조이엔터테인먼트,901
469610,이노테크,29299
022220,티케이지애강,22211
036690,코맥스,2642
450520,인스웨이브,58222
475660,에스켐,204
061250,화일약품,212
036930,주성엔지니어링,29229
418550,제이오,721
019170,신풍제약,212
347860,알체라,58222
005610,SPC삼립,108
007330,푸른저축은행,64132
092780,DYP,301
052670,제일바이오,21230
002790,아모레퍼시픽홀딩스,20423
063570,NICE인프라,759
203450,유니온바이오메트릭스,26429
187870,디바이스,29271
212310,오건에코텍,27192
051980,중앙첨단소재,264
200350,아티스트스튜디오,591
322180,LS티라유텍,582
457390,대신밸런스제15호기업인수목적,66199
219550,디와이디,464
114190,강원에너지,289
023960,에쓰씨엔지니어링,412
321820,아티스트컴퍼니,582
448710,코츠테크놀로지,26310
476830,알지노믹스,70113
031430,신세계인터내셔날,4741
138250,엔에스쇼핑,47919
950190,고스트스튜디오,58212
488280,에스투더블유,582
072770,멤레이비티,620
106240,파인테크닉스,284
196170,알테오젠,70113
266870,파워풀엑스,204
227100,프로브잇,682
376300,디어유,58222
448760,아이비케이에스제22호기업인수목적,66199
490470,세미파이브,721
012210,삼미금속,25912
175140,휴먼테크놀로지,264
018000,유니슨,29119
307870,비투엔,582
0088D0,메리츠제1호스팩,66199
365330,에스와이스틸텍,2511
053950,경남제약,212
179290,엠아이텍,27192
067900,와이엔텍,38220
036540,SFA반도체,2611
056190,에스에프에이,292
217620,선샤인푸드,561
351320,넥사다이내믹스,29272
054630,에이디칩스,339
008060,대덕,64992
003560,아이에이치큐,591
000070,삼양홀딩스,64992
137080,나래나노텍,292
234690,녹십자웰빙,212
358570,지아이이노베이션,70113
486990,노타,58221
033660,우리금융캐피탈,64911
214310,로아앤코,71531
053580,웹케시,582
041910,폴라리스AI파마,212
214150,클래시스,271
025870,신라에스지,463
054540,삼영엠텍,2511
036630,세종텔레콤,423
043220,티에스넥스젠,292
196300,HLB펩,211
225220,제놀루션,211
352910,오비고,620
347890,엠투아이,27216
000390,삼화페인트공업,20411
148250,알엔투테크놀로지,262
249420,일동제약,212
290720,푸드나무,47912
243870,아이티센코어,62021
006580,대양제지공업,1710
303360,프로티아,271
464490,쿼드메디슨,211
009730,이렘,2413
013810,스페코,29229
034590,인천도시가스,35200
085810,알티캐스트,58222
000140,하이트진로홀딩스,64992
154030,아시아종묘,011
000080,하이트진로,11122
0015N0,아로마티카,20423
192520,경남은행,64121
002630,오리엔트바이오,212
003650,미창석유공업,19221
247540,에코프로비엠,28202
462020,에이치엠씨제6호스팩,66199
0004Y0,디비금융제14호스팩,649
0041J0,엘에스스팩1호,661
011330,유니켐,15110
028670,팬오션,50112
461300,아이스크림미디어,582
310870,디와이씨,303
228760,지노믹트리,701
024850,HLB이노베이션,2629
489460,바이오비쥬,204
044340,위닉스,28519
244460,올리패스,211
046140,스튜디오에스,591
347000,센코,272
222420,쎄노텍,23993
037640,지에스엔텍,29177
150840,인트로메딕,27199
003230,삼양식품,108
024110,기업은행,64121
204210,스타에스엠리츠,681
267270,HD건설기계,291
010600,웰바이오텍,461
287840,인투셀,70113
388720,유일로보틱스,292
439410,엔에이치기업인수목적26호,6619
389470,인벤티지랩,701
010780,아이에스동서,2332
290690,소룩스,28422
104040,대성파인텍,303
012170,아센디오,591
042670,에이치디현대인프라코어,29241
277070,린드먼아시아,64209
080420,모다이노칩,474
010130,고려아연,24213
331740,아우토크립트,58222
442900,미래에셋드림기업인수목적1호,66199
015590,DKME,29176
251630,브이원텍,29272
286940,롯데이노베이트,62021
230360,에코마케팅,71310
424870,이뮨온시아,70113
343090,에이치엘비사이언스,213
019300,태림페이퍼,1710
430690,한싹,58221
437780,엔에이치기업인수목적24호,6619
435620,하나금융25호기업인수목적,66199
332290,누보,203
290380,대유,2031
0010V0,제이피아이헬스케어,27199
0044K0,삼성스팩10호,66199
006380,카프로,20119
029480,광무,26410
101670,하이드로리튬,2511
251370,와이엠티,201
0015G0,그린광학,273
462860,더즌,612
268600,셀리버리,70113
0091W0,신영스팩11호,6619
145990,삼양사,108
0120G0,삼양바이오팜,212
069510,에스텍,26529
151910,퓨처코어,262
283100,노보믹스,701
226440,시스네오텍,292
069110,유한코스메틱,20423
290120,DH오토리드,30399
202960,판도라티비,58221
438580,엔에이치기업인수목적25호,66199
340450,지씨지놈,739
177350,베셀,29272
468510,삼성기업인수목적9호,661
031920,조은저축은행,64132
078340,컴투스,5821
407400,꿈비,32099
373220,LG에너지솔루션,28202
176750,듀켐바이오,212
241520,DSC인베스트먼트,64209
084650,랩지노믹스,70113
346010,타이드,262
046070,코다코,303
444530,심플랫폼,58222
127120,제이에스링크,70111
375500,DL이앤씨,412
093230,이아이디,467
900100,애머릿지,452
191410,육일씨엔에쓰,262
003580,HLB글로벌,471
380540,옵티코어,266
084440,유비온,582
101390,아이엠,262
086460,큐러블,70113
145210,다이나믹디자인,292
430220,신영해피투모로우제8호기업인수목적,66199
287410,제이시스메디칼,271
950220,네오이뮨텍,70130
033290,로젠,474
456700,길교이앤씨,721
060570,드림어스컴퍼니,603
276040,스코넥,5821
000880,한화,20494
100700,세운메디칼,213
217270,넵튠,582
252990,샘씨엔에스,2629
187660,현대ADM,70113
445970,신영해피투모로우제9호기업인수목적,66199
107600,새빗켐,2049
136150,원일티엔아이,291
297570,알로이스,264
258610,케일럼,251
118990,모트렉스,303
011000,진원생명과학,212
397810,애드포러스,7131
041930,동아화성,2219
159580,제로투세븐,46414
376270,HEM파마,70111
478340,나라스페이스테크놀로지,31311
064400,LG씨엔에스,62021
024950,삼천리자전거,46465
059180,엔더블유시,264
0099W0,미래에셋비전스팩11호,66199
0101C0,하나36호스팩,66199
023350,한국종합기술,72121
023770,플레이위드,582
259630,엠플러스,292
080720,한국유니온제약,212
115450,HLB테라퓨틱스,467
129890,앱코,26329
051310,플랜텍,41225
014950,삼익제약,21212
008600,윌비스,46413
039980,폴라리스AI,620
004020,현대제철,2411
100660,서암기계공업,29142
182400,엔케이맥스,211
053350,이니텍,58221
050120,ES큐브,46419
0013V0,삼진식품,10211
251270,넷마블,5821
033180,케이에이치필룩스,2629
298830,슈어소프트테크,582
148780,비큐AI,58222
311690,CJ 바이오사이언스,701
318000,KBG,20202
0105P0,유진스팩12호,66199
057500,에스케이엔펄스,2629
258830,세종메디칼,27199
0072Z0,KB제33호스팩,66199
009290,광동제약,21220
025620,차AI헬스케어,204
299660,셀리드,701
004140,동방,529
010620,에이치디현대미포,3111
056730,CNT85,411
097800,윈팩,2612
217590,티엠씨,2830
102120,어보브반도체,2612
070300,엑스큐어,58222
258790,소프트캠프,582
094800,맵스리얼티,642
032620,유비케어,58221
002720,국제약품,212
000210,DL,20111
