CustID,Age,Gender,Region,CardHolder,NumCards,CreditScore,SignUp
1,56,F,Daejeon,Y,1,653.5424433013836,1
2,69,F,Busan,Y,4,687.7822766506134,0
3,46,M,Seoul,N,0,512.1204919859347,0
4,32,M,Other,N,0,563.8970203137653,0
5,60,M,Busan,Y,3,591.3529548229184,1
6,25,M,Busan,N,0,620.6738630327499,0
7,78,M,Seoul,N,0,602.0540342579926,0
8,38,F,Busan,N,0,712.3609679518952,0
9,56,F,Other,Y,5,388.66861780146667,1
10,75,F,Busan,Y,1,413.4947922323836,0
11,36,F,Other,Y,2,647.0997158955009,0
12,40,M,Seoul,Y,3,535.6239813041095,1
13,28,F,Daejeon,Y,2,743.7939228083335,0
14,28,M,Busan,Y,2,783.7721333623971,0
15,41,F,Daejeon,Y,4,652.7246046992075,0
16,70,M,Other,N,0,469.9235117216149,0
17,53,M,Busan,N,0,767.6430922717883,0
18,57,F,Gwangju,N,0,647.8463727010459,0
19,41,F,Daejeon,Y,4,411.8289638462035,0
20,20,F,Busan,Y,3,424.2072492708742,0
21,39,F,Daejeon,Y,5,832.3725505592103,0
22,70,M,Busan,N,0,809.1590278565722,1
23,19,F,Seoul,N,0,300.0,0
24,41,F,Daejeon,Y,3,429.90927466389724,0
25,61,M,Gwangju,Y,5,779.7197693870318,0
26,47,F,Gwangju,Y,2,617.4110376249732,0
27,55,F,Other,Y,1,718.258899968893,1
28,19,F,Busan,Y,3,611.3266155462665,0
29,77,F,Daejeon,Y,3,711.6289486099686,1
30,38,F,Other,N,0,620.8166965331607,0
31,50,M,Daejeon,Y,5,558.7348440540247,1
32,29,F,Busan,Y,2,768.2241361880733,1
33,75,F,Gwangju,Y,2,648.2876462435904,1
34,39,F,Seoul,Y,5,711.3344202740993,1
35,78,F,Gwangju,N,0,642.0427094945073,1
36,61,F,Other,Y,2,,0
37,42,M,Seoul,Y,4,845.1745035900069,0
38,66,F,Other,Y,1,669.6955556660732,0
39,44,M,Busan,Y,3,570.2931897878988,1
40,76,M,Seoul,Y,1,798.9661258446203,1
41,80,F,Other,Y,3,435.084671656946,1
42,59,F,Busan,Y,4,900.0,1
43,45,F,Gwangju,Y,2,594.91903392712,1
44,77,F,Busan,Y,5,442.4780109663273,1
45,33,M,Daejeon,N,0,886.8317887840591,0
46,32,F,Busan,Y,4,555.1565341698092,1
47,79,F,Busan,Y,1,654.0542397797878,1
48,79,F,Daejeon,Y,5,720.4767038015249,1
49,64,F,Other,Y,2,785.7841538724203,1
50,79,F,Other,Y,4,661.968438921019,0
51,68,F,Busan,Y,5,529.3758428337948,1
52,61,M,Daejeon,Y,4,650.658953266759,0
53,72,M,Daejeon,Y,4,561.2958236535591,0
54,69,F,Gwangju,Y,2,654.8616346910333,0
55,74,F,Other,N,0,847.9409364059602,1
56,20,F,Seoul,N,0,725.8295268301312,1
57,54,M,Other,Y,3,648.9305013337674,0
58,68,F,Other,Y,5,723.3887165648877,1
59,24,M,Gwangju,Y,2,733.411291267286,0
60,38,F,Seoul,Y,4,469.0976255843784,0
61,26,F,Gwangju,Y,2,625.8411795701977,0
62,56,F,Seoul,Y,3,900.0,1
63,35,F,Busan,Y,5,789.7949379044612,0
64,21,M,Seoul,Y,3,549.519021717432,0
65,42,M,Gwangju,Y,1,535.550894543533,0
66,77,F,Other,Y,5,530.8863987554157,0
67,31,F,Seoul,Y,3,741.284793036688,0
68,67,M,Seoul,Y,4,845.0697289562704,1
69,75,M,Daejeon,Y,5,701.5033862272081,0
70,26,M,Other,Y,5,642.0027289816345,0
71,43,M,Busan,N,0,557.818249931412,0
72,70,F,Gwangju,Y,2,666.1122403816937,0
73,19,M,Busan,Y,4,505.18295918653064,0
74,37,F,Other,Y,1,348.9928233904266,0
75,45,M,Seoul,N,0,849.1555966157429,0
76,64,M,Seoul,N,0,479.18622614930473,0
77,77,M,Other,N,0,574.5234676862952,0
78,24,M,Seoul,Y,3,711.8900430881007,0
79,61,M,Seoul,Y,2,820.8253617084475,0
80,78,F,Seoul,Y,3,655.998291338607,1
81,25,F,Gwangju,Y,1,452.88046172748403,1
82,64,M,Gwangju,Y,1,577.8114970431828,1
83,52,M,Daejeon,Y,5,525.0120432964889,0
84,31,F,Busan,Y,1,,1
85,34,M,Other,Y,3,792.477825977749,0
86,53,M,Other,Y,4,300.0,0
87,67,F,Other,Y,4,562.4054237961514,0
88,57,M,Daejeon,Y,5,552.2330509058174,0
89,21,M,Gwangju,Y,3,444.05341171461043,0
90,19,F,Daejeon,Y,3,701.9687041249463,0
91,79,F,Other,Y,1,421.9033779373533,0
92,23,F,Busan,Y,3,438.0148008985145,0
93,71,M,Seoul,N,0,739.1496899628859,0
94,59,F,Gwangju,Y,2,830.0799916547736,1
95,21,F,Gwangju,N,0,609.3464523943258,0
96,71,F,Daejeon,Y,1,449.56454334150277,1
97,46,F,Gwangju,Y,2,521.222427151045,0
98,80,F,Other,Y,5,761.1202726143063,1
99,35,F,Other,N,0,636.3013536928751,0
100,43,M,Daejeon,Y,4,605.8545712365308,0
101,61,M,Other,Y,5,663.8269593878405,0
102,51,F,Busan,Y,4,614.7276079064383,1
103,27,F,Daejeon,Y,5,836.3997216722904,1
104,79,F,Busan,Y,3,515.1199429428958,0
105,53,M,Seoul,Y,2,499.0457236430701,1
106,31,M,Busan,N,0,426.31650747038816,1
107,48,M,Seoul,Y,4,544.4017309984033,1
108,65,M,Seoul,Y,1,467.1234335467384,0
109,32,M,Busan,Y,2,650.5305712113814,0
110,25,M,Daejeon,N,0,622.9326311735201,1
111,31,M,Other,Y,1,468.9294299904833,1
112,40,M,Other,N,0,702.4795102639162,0
113,77,M,Seoul,Y,2,832.3538013981823,1
114,74,F,Seoul,Y,2,670.0973688139433,1
115,79,F,Daejeon,Y,5,300.0,0
116,57,F,Gwangju,Y,4,898.1983358938147,1
117,38,F,Busan,Y,4,724.5692856699484,0
118,33,M,Seoul,N,0,893.8985554463832,0
119,62,M,Other,Y,2,772.7013020609768,0
120,35,F,Daejeon,Y,3,800.6721586418782,1
121,64,M,Busan,Y,3,648.7373651041519,1
122,70,F,Daejeon,Y,1,583.2785582934234,0
123,41,M,Busan,Y,1,672.2873662825025,1
124,43,F,Busan,Y,5,520.7700887654845,1
125,42,M,Seoul,Y,2,680.7433191260325,1
126,77,M,Daejeon,Y,1,300.0,1
127,77,F,Daejeon,Y,1,626.0105143300178,1
128,77,M,Other,Y,2,808.2546568142986,0
129,62,F,Other,Y,5,633.2032010500552,0
130,58,F,Seoul,N,0,861.8475833243383,0
131,46,F,Seoul,Y,1,583.0756457011953,0
132,32,F,Gwangju,Y,5,760.3711278182959,0
133,62,M,Other,Y,4,497.0421896857288,0
134,18,M,Busan,N,0,754.6739267377529,0
135,42,M,Daejeon,Y,5,652.5632871518943,1
136,24,F,Seoul,Y,3,589.234930582018,0
137,26,M,Daejeon,Y,3,300.0,0
138,41,F,Daejeon,N,0,584.387251387223,0
139,18,M,Gwangju,Y,5,649.8834226991735,0
140,61,M,Other,Y,3,736.0193209307884,1
141,25,M,Seoul,Y,4,838.5329718738694,0
142,41,F,Daejeon,Y,2,900.0,0
143,80,M,Seoul,Y,3,794.4774280372178,1
144,28,M,Busan,Y,3,541.3073544574128,0
145,68,F,Gwangju,Y,5,577.3274274675165,1
146,34,M,Busan,Y,4,723.4481659461156,0
147,25,F,Seoul,Y,2,692.7460243786923,0
148,52,M,Seoul,N,0,847.9684343147906,1
149,52,F,Other,N,0,900.0,0
150,50,F,Daejeon,Y,5,900.0,1
151,76,M,Daejeon,Y,5,829.1513479717682,0
152,22,F,Busan,Y,4,693.9063708520056,0
153,59,F,Gwangju,Y,2,808.9055088124182,1
154,56,F,Daejeon,Y,4,852.6017419219754,1
155,75,F,Other,Y,2,599.3779443842974,1
156,58,F,Busan,N,0,545.4274638487736,0
157,45,F,Busan,Y,4,512.5610599899655,0
158,24,M,Other,Y,5,497.30613731765754,0
159,26,F,Gwangju,N,0,426.5206548369533,0
160,25,F,Other,Y,5,654.9862392764818,0
161,29,M,Gwangju,Y,1,480.03460784766156,0
162,51,M,Other,Y,3,510.3068942210465,0
163,50,M,Other,Y,4,718.1757782847418,0
164,65,M,Seoul,Y,1,645.4252692754914,1
165,72,M,Busan,Y,3,680.1474916887145,1
166,40,M,Other,Y,4,811.1208266648914,0
167,79,M,Other,Y,2,741.0341871957113,0
168,41,F,Daejeon,Y,3,832.6441214033728,1
169,54,F,Busan,N,0,631.1967092689299,0
170,52,M,Daejeon,Y,5,845.6506827837354,0
171,61,F,Busan,Y,1,670.3631470100444,1
172,57,F,Daejeon,Y,3,643.6188765533284,0
173,39,F,Other,Y,3,824.6136688787104,0
174,44,M,Other,Y,5,497.89848491293867,0
175,52,M,Seoul,N,0,900.0,0
176,18,F,Daejeon,Y,4,580.50599719478,0
177,52,M,Gwangju,Y,2,449.464883983095,1
178,54,F,Seoul,N,0,711.4902732878207,0
179,64,F,Daejeon,N,0,567.1749885834436,0
180,31,F,Daejeon,Y,5,900.0,0
181,20,F,Seoul,Y,2,559.3938853700794,1
182,18,M,Other,Y,4,664.0228484292746,0
183,22,M,Daejeon,Y,3,420.41693583306557,0
184,43,M,Other,Y,2,733.8079942856459,0
185,72,F,Seoul,Y,1,511.1653893797534,1
186,80,M,Other,Y,1,717.0654566465641,1
187,31,F,Busan,Y,5,560.0316664411794,1
188,56,M,Gwangju,Y,4,333.42914385880806,0
189,44,F,Daejeon,N,0,638.3666126481437,0
190,26,F,Gwangju,Y,5,632.0999923909809,0
191,32,F,Other,Y,5,743.3500203071659,0
192,32,M,Daejeon,Y,5,837.8400800574885,1
193,43,M,Other,N,0,887.7373173883518,0
194,59,M,Busan,N,0,740.981589885924,1
195,77,M,Seoul,Y,1,659.0066868892286,0
196,30,F,Daejeon,Y,1,420.17329746783486,0
197,68,M,Busan,Y,5,648.282931178601,0
198,80,M,Busan,Y,1,650.0916237914506,0
199,49,F,Daejeon,Y,4,592.1903636481561,1
200,56,F,Other,N,0,708.6154710841132,0
201,66,F,Busan,Y,5,777.0667995374988,0
202,69,M,Gwangju,N,0,505.42344972598426,0
203,78,F,Busan,Y,1,503.2421904120746,1
204,49,F,Other,Y,2,600.4991183512719,0
205,21,F,Other,Y,5,533.8679133008908,0
206,47,M,Gwangju,N,0,390.2245516696192,0
207,54,F,Busan,N,0,480.47701691478676,0
208,40,M,Other,Y,5,447.47503941475827,0
209,56,M,Daejeon,Y,4,789.1830711225414,0
210,62,F,Seoul,Y,3,858.395780841299,0
211,32,F,Seoul,Y,3,466.63931597875785,1
212,60,M,Seoul,Y,4,696.4502918391956,0
213,46,F,Busan,Y,4,742.2922994257651,0
214,53,F,Gwangju,Y,4,411.08236986761904,0
215,30,M,Other,Y,3,642.5370526050599,0
216,49,M,Daejeon,Y,4,900.0,0
217,24,F,Daejeon,N,0,714.8005612900683,0
218,76,M,Busan,Y,1,585.6579242134458,0
219,68,F,Seoul,N,0,541.5738864694507,0
220,39,F,Busan,N,0,336.85537813907473,1
221,45,F,Gwangju,Y,5,685.8663118563425,1
222,19,M,Gwangju,N,0,892.6943502156041,0
223,59,F,Other,Y,5,506.1038743842911,1
224,62,F,Other,Y,2,349.0181448676114,1
225,79,F,Gwangju,Y,2,527.0086146105486,0
226,74,M,Gwangju,Y,5,743.4239644369492,0
227,70,M,Gwangju,N,0,560.009999324908,0
228,23,M,Busan,Y,1,505.13446699216763,0
229,45,M,Gwangju,Y,3,622.6816881081003,0
230,45,M,Daejeon,Y,3,652.1581046034997,0
231,61,F,Seoul,Y,1,425.62538029196276,0
232,61,M,Gwangju,N,0,589.5802824288447,0
233,37,M,Seoul,Y,3,550.3825340508727,0
234,47,M,Busan,Y,4,530.2733911052684,0
235,79,F,Seoul,Y,5,477.6148662851973,0
236,28,M,Busan,Y,5,751.7760996712717,0
237,75,M,Daejeon,Y,1,529.7858299682761,1
238,72,F,Busan,Y,3,340.7076599861401,1
239,45,M,Busan,N,0,657.0016950765607,1
240,42,F,Other,Y,2,721.5279261742459,1
241,56,F,Gwangju,Y,2,508.5577508697771,0
242,79,F,Gwangju,Y,3,541.6472234302447,0
243,50,F,Daejeon,Y,2,529.1324791400278,1
244,18,F,Daejeon,Y,1,571.4685293997845,0
245,74,M,Gwangju,N,0,774.959025506575,0
246,44,F,Other,N,0,604.03171586787,1
247,79,F,Gwangju,Y,1,737.5430963934087,1
248,74,M,Other,Y,3,484.3635715834546,1
249,69,F,Daejeon,Y,2,566.2833412586622,0
250,30,M,Seoul,Y,1,753.5619342186229,0
251,58,M,Daejeon,Y,1,507.2152442203237,0
252,20,M,Daejeon,N,0,761.6991045271943,0
253,56,F,Busan,Y,4,532.0262272606807,1
254,23,F,Busan,Y,4,574.9672478918212,1
255,25,F,Busan,N,0,853.8227622288495,0
256,44,M,Busan,Y,1,558.9853431967276,1
257,26,F,Other,Y,3,640.3484123850889,0
258,79,F,Gwangju,N,0,706.3010991530431,0
259,54,F,Seoul,Y,5,651.7112109540816,1
260,50,M,Daejeon,Y,5,655.7074688445407,0
261,68,M,Other,N,0,612.0844358425572,0
262,59,F,Seoul,Y,1,437.6865107377148,1
263,61,F,Other,Y,1,668.7605062139662,1
264,41,F,Other,Y,1,517.4544160183684,0
265,32,F,Daejeon,Y,3,728.6074104364448,1
266,76,M,Gwangju,Y,4,812.088599352956,0
267,71,M,Busan,Y,1,367.2219834016179,0
268,49,M,Gwangju,Y,1,812.3330958397946,0
269,49,M,Daejeon,N,0,562.4519091386139,0
270,41,F,Daejeon,Y,2,601.6671088941738,0
271,58,F,Daejeon,Y,3,492.26575664826544,0
272,69,F,Seoul,Y,1,646.3854820692787,1
273,66,M,Gwangju,N,0,629.3540836448368,0
274,79,F,Gwangju,Y,2,770.769195540999,1
275,66,M,Other,Y,5,516.204941271764,0
276,75,M,Other,Y,1,852.5123362713073,0
277,69,F,Other,N,0,713.0599720832445,1
278,29,F,Daejeon,Y,1,632.7356567485573,1
279,79,F,Gwangju,Y,2,594.6901890546312,1
280,56,M,Daejeon,Y,3,577.080277401261,0
281,19,F,Seoul,Y,1,586.2118715830893,1
282,20,M,Other,Y,5,643.5762739709663,0
283,66,F,Daejeon,Y,1,590.7400055028775,1
284,54,M,Daejeon,Y,5,530.3258760889518,0
285,66,M,Seoul,Y,4,644.4243012771383,1
286,73,F,Busan,Y,4,502.91966337844576,0
287,34,M,Gwangju,Y,5,665.1453661402446,0
288,76,M,Busan,Y,3,588.7706150326961,0
289,66,F,Other,N,0,717.5423272924581,0
290,19,M,Daejeon,N,0,758.4703894973668,0
291,19,F,Seoul,Y,1,758.4152784482634,1
292,45,M,Seoul,Y,1,664.5347078473676,0
293,71,F,Gwangju,Y,4,680.8763709073583,1
294,40,F,Busan,Y,5,574.814856343419,0
295,54,M,Gwangju,N,0,714.8695563876687,1
296,49,M,Daejeon,Y,1,730.6701904926413,0
297,50,M,Gwangju,Y,1,400.5739185065661,1
298,18,M,Seoul,Y,3,672.9686073850169,1
299,36,M,Seoul,Y,2,811.5381730792413,1
300,79,F,Other,Y,4,570.1193587553302,1
301,19,M,Other,Y,4,539.5634233412569,0
302,70,F,Daejeon,Y,2,561.2191154479153,0
303,61,F,Busan,Y,1,409.31736100392226,1
304,43,M,Gwangju,Y,3,637.6377536228475,0
305,49,F,Daejeon,Y,3,624.1951616136153,0
306,23,F,Other,Y,4,647.5837566028222,0
307,49,F,Gwangju,Y,3,678.2367269704923,1
308,72,F,Other,Y,2,508.2809236945933,0
309,21,M,Gwangju,Y,1,658.2478878630861,0
310,72,F,Busan,Y,2,682.0478123882021,1
311,28,M,Daejeon,N,0,551.6251576856155,0
312,73,M,Gwangju,Y,5,678.8165197552762,1
313,76,F,Seoul,Y,4,631.2989276941438,1
314,34,M,Seoul,Y,3,531.6334322779268,0
315,80,M,Gwangju,Y,5,659.5904175077147,0
316,55,M,Gwangju,Y,3,579.3004959305492,1
317,41,F,Gwangju,Y,1,717.5891383620142,0
318,22,M,Seoul,Y,1,586.5167067903348,1
319,69,M,Seoul,N,0,439.4328185528916,1
320,51,M,Gwangju,Y,1,657.3781779738712,1
321,23,F,Other,N,0,652.1164546964009,0
322,39,M,Other,Y,3,468.6408042083274,0
323,28,F,Busan,Y,5,725.0750561609428,0
324,80,F,Daejeon,N,0,717.750917058967,1
325,65,F,Other,Y,1,498.20277305351283,0
326,33,F,Seoul,Y,5,527.6523178516125,0
327,50,F,Other,N,0,600.1189341758662,0
328,26,F,Busan,Y,3,513.7607016547307,1
329,77,M,Busan,Y,5,709.6556058876349,1
330,76,F,Daejeon,Y,3,640.8560729058094,0
331,23,M,Other,Y,3,466.901999575647,0
332,33,M,Seoul,Y,4,,0
333,46,F,Seoul,Y,3,786.2806848032961,0
334,20,M,Gwangju,Y,3,834.9787329081581,0
335,37,M,Seoul,Y,2,695.4220566473512,0
336,77,M,Daejeon,N,0,590.421464278956,0
337,76,M,Daejeon,Y,1,558.4051922630792,1
338,53,F,Seoul,Y,4,696.9579185635407,0
339,36,M,Seoul,N,0,630.6288747963281,0
340,43,F,Gwangju,N,0,394.58999736198723,0
341,20,M,Seoul,Y,4,764.4615175548763,0
342,80,M,Gwangju,Y,4,808.4124574308016,0
343,36,F,Gwangju,Y,2,723.2153546120477,0
344,37,M,Seoul,Y,3,467.17443275205085,0
345,49,M,Busan,N,0,530.8442970387324,1
346,24,M,Busan,Y,1,359.9192194099204,1
347,69,F,Gwangju,N,0,843.4467887953779,0
348,58,M,Seoul,Y,5,570.0566011437361,0
349,50,F,Busan,Y,3,900.0,0
350,57,M,Seoul,Y,2,893.732204327089,1
351,56,F,Seoul,Y,3,493.5203017083479,0
352,35,F,Seoul,Y,3,520.8425164835782,1
353,57,M,Other,Y,2,685.2666479285967,0
354,18,M,Seoul,Y,4,374.3641054587222,0
355,28,F,Other,Y,4,558.6437235670013,1
356,45,F,Gwangju,Y,1,544.657739831058,1
357,74,M,Busan,Y,1,879.1632318725392,1
358,42,F,Busan,Y,4,642.5425039706238,0
359,67,M,Busan,Y,5,580.1326231447925,1
360,40,M,Busan,N,0,531.5921374240578,1
361,48,M,Busan,Y,3,745.1669436254712,0
362,47,M,Busan,Y,5,550.4604846497429,1
363,59,F,Busan,N,0,612.96038358925,0
364,52,M,Gwangju,Y,3,530.522706853925,0
365,24,F,Seoul,N,0,407.5448015178448,0
366,77,M,Daejeon,Y,4,480.55508212162704,0
367,33,F,Other,Y,1,549.723960968943,1
368,43,M,Daejeon,Y,1,583.144323763092,0
369,65,F,Daejeon,Y,5,,0
370,74,F,Seoul,Y,1,607.5512419273733,0
371,69,M,Seoul,Y,4,551.5837317788587,0
372,77,M,Seoul,Y,5,808.8776887435769,0
373,66,M,Busan,Y,3,752.7177767799775,1
374,19,M,Gwangju,Y,1,601.0847025932826,0
375,18,F,Busan,Y,2,655.5961591637395,0
376,65,M,Gwangju,N,0,,0
377,79,F,Gwangju,Y,1,300.0,1
378,29,F,Daejeon,Y,3,622.8690218096435,0
379,22,M,Daejeon,Y,5,662.7860105751702,1
380,54,F,Gwangju,N,0,394.2273538743682,0
381,49,F,Gwangju,N,0,689.9175496872443,0
382,76,F,Busan,Y,3,580.7192650877267,1
383,72,F,Busan,Y,2,667.3107208888528,0
384,26,M,Daejeon,Y,4,584.944189368188,0
385,58,M,Seoul,Y,1,795.1336263917589,1
386,52,M,Gwangju,Y,5,651.6720348817721,0
387,36,M,Busan,Y,4,760.3383042140811,0
388,65,F,Daejeon,Y,3,771.8616599044923,1
389,33,F,Busan,Y,5,463.26219834762253,0
390,20,M,Gwangju,Y,4,516.5376381970393,0
391,37,M,Gwangju,N,0,683.2254955816759,0
392,41,M,Other,Y,5,568.8247802738559,1
393,71,F,Seoul,Y,2,586.5950523041186,1
394,73,M,Other,Y,2,800.1190751038853,1
395,50,M,Daejeon,Y,1,576.5487070531102,0
396,41,M,Busan,Y,1,484.3498912451985,0
397,69,F,Daejeon,Y,2,503.2679997710168,1
398,28,F,Gwangju,Y,5,900.0,0
399,66,F,Other,Y,2,595.0492727460668,1
400,25,F,Other,Y,1,429.00531426949254,0
401,53,F,Other,Y,2,372.2757966556768,1
402,55,F,Daejeon,Y,2,532.5508700256241,1
403,57,F,Gwangju,N,0,592.4869032801663,0
404,37,F,Busan,Y,5,752.8843188998742,0
405,79,M,Busan,Y,4,739.3283233046474,0
406,52,M,Daejeon,Y,1,619.1115010498031,1
407,65,F,Other,Y,5,556.4163979376575,0
408,79,F,Seoul,Y,2,667.5442594790366,0
409,42,M,Daejeon,Y,2,375.1755493409057,0
410,52,F,Daejeon,N,0,897.3513251500905,0
411,42,F,Gwangju,Y,4,711.5747834199256,0
412,46,F,Busan,N,0,741.3786307619581,1
413,35,M,Daejeon,Y,1,469.61852653727453,1
414,63,M,Daejeon,Y,1,799.5708097815234,0
415,35,M,Other,Y,3,555.5975974563187,0
416,19,M,Other,Y,1,486.64186280540116,0
417,71,M,Seoul,Y,4,614.5158681151293,0
418,52,F,Gwangju,Y,3,611.2422879616277,0
419,33,M,Seoul,Y,3,469.00480984832046,1
420,78,F,Other,Y,2,494.70877050420887,1
421,58,F,Busan,N,0,483.747551454073,1
422,53,M,Other,Y,2,485.07989050004454,1
423,50,M,Gwangju,Y,1,565.666293006056,0
424,21,F,Other,Y,3,425.5420809358559,0
425,50,F,Gwangju,Y,2,523.207570362049,1
426,31,F,Gwangju,Y,4,766.3188367737977,0
427,38,M,Gwangju,Y,2,735.2633232945857,1
428,65,M,Gwangju,N,0,473.0169062750143,0
429,37,M,Gwangju,Y,2,754.1486884211927,0
430,73,M,Busan,Y,3,,1
431,25,M,Seoul,N,0,900.0,0
432,24,F,Daejeon,Y,3,802.0438468989829,1
433,20,M,Seoul,N,0,,0
434,34,F,Gwangju,Y,5,673.5397186429154,0
435,50,F,Busan,Y,4,423.87129406472195,0
436,65,F,Other,Y,3,628.4619905896138,0
437,29,M,Busan,Y,1,594.2871754496547,1
438,76,M,Gwangju,Y,4,503.1331254850646,0
439,68,M,Busan,Y,4,554.4019519143798,0
440,39,F,Busan,N,0,540.6217533866802,0
441,72,F,Gwangju,Y,3,461.55685929553107,0
442,39,F,Busan,Y,4,499.8593855744672,0
443,63,F,Daejeon,Y,3,418.14178036004023,0
444,47,F,Daejeon,Y,2,740.0263071784865,0
445,55,F,Busan,Y,5,489.50421549612236,0
446,55,M,Other,N,0,448.9170779801784,1
447,62,M,Gwangju,N,0,737.8106551742395,0
448,68,M,Daejeon,Y,2,671.7468496075062,0
449,71,M,Other,Y,3,732.6301478328543,1
450,25,F,Busan,N,0,748.2516513875316,0
451,44,F,Other,Y,3,891.2436855713793,0
452,44,M,Seoul,Y,2,598.1544326629542,1
453,51,F,Daejeon,Y,1,415.93492494062895,0
454,38,M,Busan,Y,1,657.9452921066976,0
455,47,M,Gwangju,N,0,526.3393527968256,0
456,50,M,Busan,Y,1,,0
457,45,F,Gwangju,Y,3,633.9895241104138,1
458,64,M,Busan,N,0,741.2053826213426,1
459,50,M,Other,N,0,502.96072217652033,0
460,22,M,Other,Y,4,798.4143322264406,0
461,77,F,Other,Y,3,481.45404573960576,1
462,78,F,Seoul,Y,4,585.8535490144352,1
463,65,M,Gwangju,Y,2,674.0831034493215,0
464,36,F,Other,Y,5,565.6941107842318,0
465,21,F,Seoul,Y,4,371.35967254860486,0
466,52,F,Gwangju,Y,1,749.8370488504327,0
467,66,F,Busan,Y,3,532.7149923501562,1
468,34,F,Seoul,Y,2,724.285782915117,1
469,61,F,Daejeon,Y,1,443.0198210961273,0
470,45,F,Seoul,Y,2,466.9188785065023,0
471,47,F,Seoul,Y,5,740.74067733775,0
472,46,F,Gwangju,Y,3,667.6711329838832,1
473,63,F,Busan,Y,3,558.5980005041453,1
474,70,M,Daejeon,Y,5,669.7044237439172,0
475,23,M,Other,Y,3,486.4345210237899,0
476,52,F,Other,Y,4,635.4362764484473,0
477,77,M,Seoul,Y,2,637.9975492746091,1
478,58,M,Gwangju,Y,1,567.670575273256,1
479,54,F,Gwangju,N,0,503.0600012172938,0
480,41,F,Other,Y,5,629.8348009500711,0
481,46,F,Daejeon,Y,4,612.3026399378742,0
482,66,M,Busan,Y,1,554.7849089512547,1
483,63,M,Daejeon,Y,1,475.265974174695,0
484,70,F,Busan,Y,5,621.7467869069654,0
485,48,F,Other,Y,4,555.1348689228752,1
486,52,F,Busan,Y,1,475.14793313882933,0
487,77,M,Gwangju,Y,1,626.0941735061356,1
488,50,M,Seoul,N,0,845.1627660877541,0
489,69,M,Seoul,Y,4,568.6441267730091,0
490,80,M,Other,Y,3,829.6887157738831,1
491,78,F,Gwangju,Y,1,900.0,1
492,38,F,Daejeon,N,0,486.5213536671255,1
493,49,F,Gwangju,N,0,621.266189147855,0
494,40,F,Seoul,Y,2,900.0,0
495,50,M,Seoul,Y,4,603.0488054027338,1
496,20,M,Gwangju,Y,1,625.153700407156,0
497,35,F,Gwangju,Y,5,386.19923358751515,0
498,42,F,Seoul,N,0,545.5673339552466,0
499,59,M,Daejeon,Y,2,697.7824158536512,1
500,48,F,Other,Y,1,900.0,1
501,71,M,Other,Y,2,592.5590433139633,1
502,75,F,Gwangju,Y,2,387.2323148848103,0
503,20,F,Other,N,0,423.2651132917367,0
504,57,F,Seoul,N,0,614.9894439686384,0
505,63,F,Seoul,Y,3,784.8089517273148,0
506,41,F,Gwangju,N,0,709.2295156025554,0
507,67,F,Gwangju,N,0,684.4358208914176,0
508,49,F,Gwangju,Y,2,803.2802141684635,1
509,64,M,Daejeon,Y,3,519.1679277473468,1
510,39,M,Other,Y,4,622.6732607940592,0
511,40,M,Gwangju,Y,3,547.1465031716647,0
512,19,M,Busan,Y,5,581.9961970367096,0
513,80,M,Busan,Y,1,,1
514,44,F,Seoul,Y,4,571.8433499992685,0
515,59,F,Other,N,0,616.1198207256441,1
516,19,M,Gwangju,Y,4,567.993990019383,1
517,43,F,Busan,N,0,597.4513895780677,1
518,34,M,Other,Y,5,676.7056760812061,0
519,57,M,Seoul,Y,3,793.4174076690159,1
520,50,F,Daejeon,Y,1,803.5618215357637,0
521,26,F,Other,Y,3,726.5990474355789,0
522,60,F,Other,Y,2,,0
523,71,M,Daejeon,Y,3,569.5426020202204,0
524,65,F,Other,N,0,581.6000957002358,0
525,56,M,Seoul,Y,4,527.999023689601,1
526,46,M,Seoul,Y,1,667.929165064145,0
527,59,M,Daejeon,Y,3,396.7940109405959,0
528,72,F,Gwangju,Y,1,857.0993057339608,1
529,43,F,Busan,Y,1,787.33089401304,1
530,52,M,Gwangju,Y,2,686.9483166662461,1
531,67,F,Other,Y,2,611.3046938111742,0
532,42,F,Busan,Y,4,792.0375013101575,0
533,41,F,Daejeon,Y,5,716.5166911492374,0
534,30,M,Daejeon,Y,1,774.929289790533,0
535,77,M,Busan,Y,5,611.7327084836223,0
536,75,F,Seoul,N,0,870.5038320209834,1
537,24,M,Busan,Y,4,783.3643025965798,0
538,74,F,Other,N,0,691.3350813610303,0
539,53,F,Seoul,Y,1,795.8362088603617,0
540,62,F,Daejeon,N,0,561.3173281432439,1
541,37,F,Busan,Y,1,456.54994969141626,0
542,18,M,Gwangju,Y,5,665.0170718266465,0
543,25,M,Gwangju,N,0,612.0073375861143,0
544,63,M,Other,Y,3,592.3195720811319,1
545,33,F,Gwangju,Y,2,790.2836855089165,0
546,31,F,Busan,Y,3,643.3994898494883,0
547,29,F,Busan,N,0,656.8996702949678,0
548,68,M,Gwangju,Y,5,574.2126417744265,0
549,40,F,Busan,Y,2,743.3572394991336,1
550,32,M,Other,N,0,718.2626093831087,0
551,45,M,Seoul,N,0,742.3123547652011,0
552,51,M,Other,Y,3,550.383044670935,0
553,19,M,Other,Y,2,802.5723844065793,1
554,49,M,Busan,Y,1,877.4275793272923,1
555,40,M,Seoul,Y,3,737.8853756254588,1
556,80,F,Busan,Y,2,506.69963978579926,1
557,39,F,Daejeon,Y,2,507.69168020693184,1
558,68,M,Busan,N,0,567.4472262169677,1
559,42,M,Busan,Y,2,540.9871900374071,0
560,75,F,Busan,Y,3,610.047032403783,1
561,80,M,Seoul,Y,4,708.5419452914987,0
562,79,M,Busan,Y,3,660.5933417049788,0
563,78,F,Seoul,Y,5,648.3204678940805,1
564,39,M,Gwangju,N,0,586.2316150279796,0
565,75,M,Daejeon,Y,3,609.6615701969631,1
566,75,M,Seoul,N,0,731.5205710540602,0
567,39,F,Gwangju,Y,2,338.3258761500259,0
568,66,F,Seoul,N,0,618.4053428129776,0
569,69,F,Seoul,N,0,660.3182632898255,0
570,59,M,Daejeon,Y,1,729.701629596621,0
571,23,M,Other,Y,3,478.5935685002646,0
572,32,F,Other,Y,3,471.19264445656336,0
573,71,M,Seoul,Y,2,701.7536992829387,0
574,60,M,Busan,N,0,353.37668636403174,0
575,77,M,Gwangju,N,0,806.50647550651,0
576,54,M,Busan,Y,1,651.7228788089934,0
577,50,M,Busan,Y,1,838.2209697980811,1
578,25,F,Seoul,Y,5,467.8098672802682,1
579,70,M,Seoul,Y,3,558.9096743794463,1
580,77,F,Seoul,Y,1,300.0,1
581,61,M,Seoul,Y,1,508.60343318066134,1
582,61,F,Other,Y,4,594.2614366989369,0
583,22,M,Seoul,Y,4,345.22093879881885,0
584,56,F,Other,Y,1,564.7522462922241,0
585,21,M,Other,Y,5,341.7723752395658,0
586,23,F,Seoul,Y,1,583.9555741124004,0
587,62,M,Daejeon,Y,2,780.5956697951531,0
588,49,F,Gwangju,Y,3,615.1028349840228,1
589,69,M,Busan,Y,5,852.1490321656524,1
590,47,F,Other,Y,2,730.0809588752454,0
591,64,F,Gwangju,Y,5,808.740698804976,0
592,52,M,Daejeon,Y,2,512.9076662770403,0
593,72,M,Busan,Y,3,,0
594,57,F,Busan,Y,3,668.3858782939516,0
595,69,M,Other,Y,4,399.12170717139975,0
596,33,F,Seoul,Y,2,685.9601249666927,0
597,30,F,Daejeon,Y,4,574.6512256834299,1
598,67,F,Other,Y,2,806.199557256532,1
599,77,M,Daejeon,Y,4,715.1317155711174,1
600,59,F,Seoul,N,0,773.5389002476178,0
601,47,F,Seoul,Y,3,514.4111486046934,0
602,36,M,Other,N,0,766.7494376266419,0
603,34,M,Seoul,Y,5,822.2597492109996,0
604,73,M,Gwangju,Y,4,614.5800647267523,0
605,80,M,Busan,N,0,516.4909132886917,0
606,36,F,Other,N,0,518.9497918271827,1
607,45,F,Daejeon,Y,2,,0
608,75,F,Gwangju,Y,2,900.0,0
609,72,F,Other,Y,3,482.56969017546896,1
610,43,M,Seoul,N,0,471.80719299404154,0
611,54,F,Seoul,Y,2,748.997985294427,1
612,43,F,Seoul,Y,1,514.4521058886697,1
613,70,M,Seoul,Y,5,762.5697537919577,1
614,79,F,Daejeon,Y,4,685.1484642937304,1
615,40,F,Gwangju,Y,5,616.6431776502851,0
616,80,F,Busan,Y,3,,1
617,26,F,Daejeon,Y,4,673.2277716814751,0
618,29,F,Daejeon,Y,4,594.8550903099355,0
619,70,F,Busan,Y,1,374.10945557061075,1
620,18,M,Busan,N,0,645.0111020024649,1
621,75,M,Seoul,Y,3,840.228451248983,1
622,75,F,Daejeon,N,0,394.77238715136673,0
623,18,F,Other,Y,2,484.7900971805477,0
624,64,M,Busan,Y,1,679.7557764672415,0
625,51,F,Busan,Y,1,625.4028607825193,0
626,49,F,Gwangju,N,0,677.5655023418005,0
627,79,F,Other,N,0,522.0954509041273,0
628,71,M,Other,Y,5,782.7441601229228,1
629,65,F,Busan,N,0,626.5660791966295,1
630,42,M,Seoul,N,0,717.5779731280279,1
631,57,F,Gwangju,Y,5,664.8388375359534,0
632,62,M,Other,Y,5,644.5692955145389,0
633,70,M,Busan,Y,1,707.7567119839382,1
634,18,F,Other,Y,2,646.1083135553731,0
635,33,M,Gwangju,N,0,453.37213606662834,0
636,78,F,Gwangju,Y,4,772.229955600235,0
637,56,M,Daejeon,Y,5,734.5378200747457,0
638,80,F,Busan,Y,2,325.0409452099066,0
639,22,F,Gwangju,Y,3,528.4119601174052,0
640,39,M,Daejeon,Y,5,765.930464748993,1
641,46,F,Daejeon,Y,4,364.23000349310325,0
642,72,F,Other,Y,3,752.0993634661043,0
643,20,M,Other,Y,3,600.228845008405,1
644,29,F,Daejeon,Y,4,807.6395598467587,0
645,43,F,Other,Y,5,619.8394495294351,1
646,33,M,Gwangju,Y,1,518.9104809806122,0
647,68,M,Seoul,Y,4,663.1319925062796,0
648,54,F,Gwangju,N,0,615.7460314686019,1
649,39,F,Daejeon,Y,4,506.4808412203047,1
650,74,M,Daejeon,Y,4,900.0,1
651,46,M,Gwangju,Y,3,484.04625457819594,0
652,31,F,Other,Y,2,305.98624749162883,0
653,45,M,Other,Y,1,841.437855537009,0
654,22,F,Daejeon,Y,5,538.3011138757703,1
655,64,F,Busan,Y,5,578.4517434648026,0
656,66,F,Other,N,0,569.8931509519352,0
657,47,F,Gwangju,N,0,540.2487992178344,1
658,63,F,Other,Y,2,512.7330540231176,1
659,79,M,Gwangju,Y,4,480.445577650425,0
660,69,M,Daejeon,Y,1,629.0663666386392,0
661,22,M,Other,Y,5,563.721741925411,0
662,29,M,Gwangju,Y,5,722.2507066467525,0
663,33,F,Daejeon,Y,4,687.5771672262615,0
664,43,F,Busan,N,0,490.14829290644343,0
665,43,F,Gwangju,Y,2,635.1929786501298,0
666,65,F,Busan,Y,1,561.5026346230105,1
667,38,M,Busan,Y,2,481.1675380312868,0
668,56,F,Seoul,Y,2,716.5204198721185,0
669,53,F,Other,Y,1,603.014460896829,1
670,50,M,Gwangju,Y,1,562.942997176133,1
671,79,M,Busan,Y,5,500.2205869007409,0
672,47,M,Seoul,Y,5,476.08885344973254,0
673,54,M,Daejeon,Y,1,898.4275233480364,1
674,40,F,Gwangju,Y,3,666.7766109481995,0
675,75,F,Busan,Y,5,467.2419347916057,1
676,27,M,Other,N,0,660.3012257651937,0
677,71,F,Seoul,Y,3,768.6822647513752,1
678,22,F,Busan,Y,1,643.452465754206,0
679,53,F,Other,Y,5,812.3629878986374,1
680,51,M,Busan,Y,2,404.00616011020463,1
681,69,F,Gwangju,Y,1,341.21491336677053,0
682,48,M,Gwangju,Y,4,656.4724390595254,0
683,27,F,Gwangju,Y,3,658.7094600723436,1
684,75,F,Seoul,Y,1,300.0,0
685,36,F,Gwangju,N,0,532.6993472317179,1
686,75,M,Other,Y,1,478.7872759863163,0
687,49,F,Busan,N,0,425.1275263015581,1
688,18,M,Daejeon,Y,5,478.45415295462647,0
689,73,M,Other,Y,5,703.4102922239103,1
690,22,M,Other,Y,5,477.5632970194408,1
691,62,F,Gwangju,Y,4,482.3629011585422,0
692,21,F,Seoul,N,0,393.36725675992494,0
693,33,F,Busan,Y,5,797.6473499522156,0
694,41,F,Seoul,Y,1,680.8485311658889,0
695,33,M,Busan,Y,5,300.0,0
696,72,M,Busan,Y,2,482.4863889087539,1
697,19,M,Seoul,Y,5,693.9925038152896,0
698,66,F,Other,Y,4,799.3949568575972,1
699,45,M,Busan,Y,2,737.7174263113319,1
700,49,F,Seoul,Y,1,570.204392563896,0
701,44,M,Busan,Y,1,349.60723948897464,0
702,37,F,Daejeon,Y,3,741.8348591475834,0
703,41,F,Other,Y,2,578.4344408151294,0
704,29,M,Gwangju,Y,3,629.6406820461098,1
705,67,M,Busan,Y,2,595.1611386508105,1
706,52,M,Daejeon,Y,2,430.22587005932246,1
707,77,M,Gwangju,Y,4,670.9950297112184,0
708,50,F,Gwangju,Y,3,651.7042643558825,0
709,50,M,Busan,Y,4,560.3895619919282,0
710,78,M,Seoul,Y,2,685.9548119807482,0
711,68,M,Busan,Y,1,427.64006336073714,1
712,60,F,Daejeon,Y,2,,0
713,54,F,Gwangju,Y,4,623.6578462110105,1
714,29,M,Busan,N,0,377.1101315010913,0
715,20,F,Seoul,Y,3,612.0064744829525,0
716,18,M,Busan,Y,3,722.7103205353815,0
717,50,F,Other,Y,4,577.5476706339986,1
718,57,F,Seoul,Y,3,615.2239136479918,1
719,27,F,Daejeon,N,0,698.7281654927833,0
720,60,F,Gwangju,Y,5,565.7079847587219,0
721,61,M,Busan,Y,1,578.3083640637996,1
722,46,M,Seoul,Y,1,455.2615079654546,0
723,30,M,Other,Y,1,617.9088511750929,1
724,29,F,Seoul,Y,3,573.1212122953308,0
725,48,M,Other,N,0,689.8725713074651,0
726,63,M,Daejeon,Y,3,698.8843935856535,0
727,19,M,Gwangju,Y,2,730.7692654618033,0
728,78,F,Daejeon,Y,2,548.8435508746817,1
729,68,F,Busan,Y,1,315.27864801262376,0
730,67,F,Seoul,N,0,723.8295645050684,0
731,52,M,Other,Y,5,680.3569349736373,0
732,40,M,Other,Y,2,531.0591753439475,0
733,34,M,Seoul,Y,2,697.6916279394272,0
734,43,F,Seoul,Y,3,417.19742764772616,0
735,25,F,Busan,Y,5,764.2336298018386,0
736,46,M,Daejeon,Y,1,573.292562748833,1
737,43,F,Other,N,0,503.95013417931466,0
738,27,F,Busan,Y,2,532.9617821265557,1
739,43,F,Daejeon,Y,5,587.5921019599703,0
740,79,F,Busan,Y,5,618.3183097380752,1
741,51,M,Other,Y,1,626.759239255917,0
742,68,F,Seoul,N,0,559.8549578458626,1
743,58,F,Seoul,Y,5,648.033540284607,1
744,24,F,Daejeon,Y,5,621.1590984066808,0
745,21,F,Gwangju,Y,5,529.3397806195842,0
746,75,M,Daejeon,N,0,508.253312581023,0
747,70,M,Gwangju,Y,2,705.1711760052773,1
748,67,F,Busan,Y,1,693.4056450397068,1
749,62,F,Busan,Y,5,627.9990897225769,1
750,28,F,Other,Y,5,749.3873652386281,0
751,46,F,Gwangju,Y,2,345.4141281365312,0
752,73,F,Other,Y,1,540.9847501890615,1
753,53,F,Seoul,N,0,458.1156042731498,0
754,42,M,Gwangju,Y,3,900.0,0
755,38,F,Daejeon,N,0,719.8507748554381,1
756,78,M,Seoul,Y,2,608.9313222878413,1
757,74,M,Seoul,Y,1,729.8986810384619,1
758,53,F,Daejeon,N,0,776.2785929257161,0
759,27,M,Seoul,Y,5,774.7884368133699,0
760,54,M,Gwangju,N,0,749.0384879140495,0
761,26,M,Other,Y,1,583.2443547405114,0
762,41,M,Seoul,Y,1,549.8088412722467,1
763,52,M,Gwangju,N,0,485.29351480270407,0
764,66,M,Busan,Y,1,690.342617342061,0
765,52,F,Gwangju,Y,3,597.7489970539707,0
766,65,M,Other,Y,1,561.4140557275925,0
767,53,M,Gwangju,N,0,554.1074093581077,0
768,35,M,Daejeon,Y,3,823.0269682888563,1
769,66,F,Other,Y,5,753.3752577978339,0
770,56,M,Busan,Y,3,876.2551398579432,1
771,49,F,Daejeon,N,0,694.0622819848952,0
772,41,M,Gwangju,N,0,627.9736216356857,0
773,40,F,Other,Y,5,616.4436568957105,0
774,79,F,Busan,Y,5,477.1577833833938,0
775,49,M,Daejeon,Y,3,443.4013411548039,0
776,54,M,Busan,Y,2,691.0277430650025,1
777,29,F,Gwangju,Y,4,489.14498053234433,1
778,66,M,Busan,Y,1,649.604085541413,0
779,72,F,Seoul,Y,4,776.1653356333296,1
780,30,F,Daejeon,Y,1,526.8364493756745,0
781,40,F,Busan,Y,1,900.0,1
782,42,F,Gwangju,Y,5,481.3026830678261,0
783,52,F,Gwangju,Y,1,758.6272659085785,0
784,58,M,Busan,Y,1,679.4658653585307,0
785,47,F,Gwangju,Y,3,787.1733349924612,0
786,34,F,Other,Y,4,463.73233440964344,0
787,66,M,Other,Y,3,900.0,0
788,79,F,Other,Y,1,594.9714882703933,0
789,37,M,Seoul,N,0,714.7307115018993,1
790,65,M,Busan,Y,5,822.2282484525101,1
791,42,M,Seoul,Y,3,535.3473105506698,0
792,39,F,Gwangju,Y,3,735.601690812605,0
793,30,F,Seoul,Y,2,511.994249668991,1
794,76,F,Gwangju,Y,1,815.5746212640975,0
795,36,M,Gwangju,N,0,513.5746976279772,0
796,66,F,Daejeon,Y,5,625.3909775494063,1
797,53,M,Other,Y,3,662.8568981416744,1
798,29,F,Gwangju,Y,3,729.8019677611662,0
799,78,M,Daejeon,Y,5,895.5866831797164,0
800,58,F,Other,Y,1,556.7243414539714,0
801,36,F,Gwangju,Y,2,779.4228683983049,0
802,29,F,Gwangju,Y,3,,0
803,26,M,Seoul,N,0,643.2026705210884,0
804,24,M,Seoul,Y,2,542.9814149831592,0
805,45,F,Other,Y,4,377.79527647905917,0
806,31,F,Gwangju,Y,1,883.6586074375487,0
807,48,M,Busan,Y,4,585.7777938105891,0
808,69,M,Seoul,N,0,479.80981010772285,0
809,36,M,Other,Y,4,429.8337882106332,0
810,75,F,Gwangju,N,0,479.5500133453942,0
811,64,M,Gwangju,Y,4,748.7587410518031,0
812,33,F,Busan,Y,1,768.1015938744633,0
813,70,M,Other,N,0,711.2970620037751,1
814,22,F,Gwangju,Y,1,638.5272958294711,0
815,52,M,Seoul,N,0,445.627117469813,0
816,29,M,Busan,Y,5,517.8082675737134,0
817,42,M,Other,Y,2,465.07328250462143,0
818,69,M,Busan,N,0,700.1949407736771,0
819,76,M,Seoul,Y,2,471.1362529593614,1
820,38,F,Other,N,0,520.005544452497,0
821,53,M,Busan,Y,5,594.311785980209,0
822,70,M,Daejeon,Y,5,386.2279785665114,0
823,40,M,Seoul,Y,4,626.5480003177186,0
824,33,F,Seoul,N,0,604.9985966550249,0
825,74,M,Seoul,Y,5,785.7892804346367,1
826,56,F,Daejeon,Y,3,505.21882369527475,0
827,62,M,Daejeon,Y,2,438.112627436273,0
828,70,M,Gwangju,Y,5,567.6316490572201,0
829,59,F,Busan,Y,3,466.2672189189577,0
830,75,M,Gwangju,Y,3,625.4816428538375,0
831,56,F,Busan,Y,3,359.60911934427514,1
832,31,F,Daejeon,Y,3,535.2516435271806,0
833,48,M,Daejeon,Y,4,490.02796622488927,0
834,75,F,Gwangju,Y,3,699.4859907920496,1
835,22,M,Other,N,0,506.52094065244887,0
836,52,M,Gwangju,Y,4,376.9465937962101,1
837,40,F,Busan,Y,4,591.7451864291633,1
838,46,F,Gwangju,Y,3,664.7840596384312,0
839,60,F,Seoul,Y,2,582.0312729434984,0
840,28,F,Busan,Y,3,534.4148109093248,1
841,35,M,Busan,N,0,525.9813059182032,0
842,64,M,Other,N,0,635.8127245418848,1
843,29,F,Daejeon,Y,3,495.4771751064633,0
844,26,M,Busan,Y,3,574.0123840025253,0
845,27,M,Daejeon,Y,2,,0
846,75,M,Gwangju,Y,1,437.81476895320964,0
847,61,M,Seoul,Y,1,613.8866172363619,0
848,34,F,Other,Y,4,369.5414822084193,1
849,78,F,Daejeon,Y,4,651.9101538013934,0
850,55,M,Busan,N,0,482.9667104881314,0
851,24,F,Daejeon,Y,2,762.7428538243113,0
852,63,F,Busan,Y,5,413.22737664965115,0
853,30,F,Daejeon,N,0,681.8910651521411,1
854,57,M,Busan,Y,1,790.958350993709,0
855,59,M,Gwangju,Y,4,475.7034838011344,0
856,26,M,Busan,Y,1,499.33610994070847,1
857,67,F,Busan,Y,2,487.81260978727636,0
858,44,M,Seoul,Y,2,551.9792236233974,1
859,75,M,Busan,Y,5,692.4390518865252,0
860,19,F,Seoul,Y,5,540.5493092558027,0
861,22,M,Other,Y,2,463.06584847111003,0
862,46,M,Seoul,N,0,337.37448107833933,0
863,54,F,Gwangju,Y,4,844.2726509117355,0
864,55,F,Seoul,Y,1,855.2693882580506,0
865,36,F,Other,Y,3,698.433185528384,1
866,25,M,Gwangju,Y,5,,0
867,65,M,Daejeon,Y,3,724.6782961184306,0
868,62,M,Daejeon,Y,4,752.8189684490293,1
869,18,F,Seoul,Y,5,584.4052616022173,0
870,39,F,Seoul,Y,3,625.7915961598446,0
871,69,M,Other,Y,4,792.447552128529,0
872,34,M,Other,Y,1,390.3354100121028,0
873,80,F,Busan,Y,4,759.7791952371044,1
874,24,F,Other,Y,5,576.7184664100881,0
875,42,F,Busan,N,0,464.23903771845295,1
876,62,F,Gwangju,Y,2,475.7570937387926,0
877,21,M,Seoul,Y,1,498.93890116732763,0
878,53,F,Gwangju,Y,3,450.5900991858316,1
879,23,M,Other,Y,5,867.9944564144622,0
880,77,M,Gwangju,Y,2,688.7684113901402,1
881,48,M,Gwangju,Y,4,769.0275855051996,0
882,36,F,Gwangju,N,0,698.7315608263349,0
883,78,F,Other,Y,2,628.5718651858242,1
884,61,F,Gwangju,Y,5,630.4657452711884,0
885,71,F,Busan,Y,5,564.3482305526193,0
886,56,M,Other,N,0,575.7904672983761,0
887,44,F,Gwangju,N,0,422.86552766619513,0
888,27,F,Other,Y,2,771.4556611456369,0
889,43,M,Daejeon,Y,4,366.1473399595736,1
890,36,F,Busan,Y,2,471.7945173259121,0
891,56,M,Gwangju,N,0,900.0,0
892,79,M,Daejeon,Y,5,639.0642036290758,0
893,20,M,Daejeon,Y,5,644.8794623042278,0
894,62,M,Other,N,0,709.227396687482,0
895,30,M,Daejeon,N,0,404.3527509630046,0
896,67,M,Busan,Y,3,424.8689286941967,1
897,45,M,Busan,Y,3,557.7147914831614,0
898,79,M,Seoul,Y,1,493.5294659433234,1
899,75,F,Busan,Y,5,609.5061648986839,1
900,37,F,Daejeon,Y,3,687.976901342299,0
901,45,F,Busan,N,0,814.4828267018834,0
902,25,F,Other,Y,2,733.5523675705427,0
903,78,M,Seoul,Y,4,480.80126036354636,0
904,80,F,Daejeon,Y,2,567.505029087309,0
905,58,M,Seoul,Y,4,529.427676025054,1
906,56,F,Daejeon,Y,3,477.6814769382711,0
907,18,F,Other,Y,1,445.81548422510343,1
908,20,F,Seoul,Y,2,853.0037342814356,1
909,30,M,Gwangju,Y,2,621.489914052571,1
910,45,F,Daejeon,Y,2,588.6077710753353,0
911,79,M,Gwangju,N,0,687.7960593232023,1
912,74,M,Seoul,N,0,694.7244545238202,0
913,80,F,Gwangju,Y,4,776.635591518899,1
914,77,F,Gwangju,Y,3,515.8873741286528,1
915,66,F,Seoul,N,0,676.3811103621948,0
916,42,M,Other,Y,2,492.43564331088396,1
917,73,F,Gwangju,N,0,593.377887876578,0
918,50,M,Gwangju,Y,2,627.9439594026876,0
919,55,M,Other,Y,1,641.6277594006685,1
920,70,F,Gwangju,Y,1,635.4449548186067,1
921,23,F,Gwangju,Y,3,732.2563375562887,1
922,75,M,Gwangju,Y,3,536.4216252633919,0
923,61,M,Busan,N,0,645.434398206486,0
924,62,M,Other,Y,5,513.753322467144,0
925,49,F,Gwangju,Y,1,900.0,0
926,62,M,Other,Y,5,492.19899551309186,0
927,78,F,Daejeon,Y,4,521.9086283917624,0
928,64,M,Daejeon,N,0,743.5707307818368,1
929,38,M,Gwangju,Y,5,559.8748799098378,0
930,33,F,Other,Y,2,743.6264578781442,1
931,71,M,Other,Y,5,641.4231631216239,0
932,38,F,Other,Y,3,563.5535026824693,1
933,28,F,Busan,Y,4,514.6142511225312,0
934,77,M,Daejeon,Y,2,509.56288137083783,1
935,54,F,Other,N,0,565.0750596482161,0
936,53,F,Other,Y,5,595.5845154317283,0
937,52,M,Busan,Y,4,503.53662592065757,1
938,36,F,Busan,Y,4,,0
939,37,F,Other,Y,2,466.82385902647894,0
940,74,F,Seoul,Y,5,725.8261703234892,0
941,35,M,Other,N,0,752.630735924395,0
942,64,F,Other,Y,4,521.3944733708056,1
943,58,M,Busan,Y,4,,1
944,66,M,Busan,Y,1,644.9083529813821,1
945,31,F,Other,Y,4,797.151253024419,0
946,32,F,Other,Y,1,828.1329129954444,0
947,48,F,Other,Y,5,423.6160187469226,0
948,18,M,Busan,N,0,760.8826761512133,0
949,70,F,Other,Y,5,611.3825326890727,0
950,71,F,Other,Y,5,614.0934419355251,0
951,71,F,Gwangju,N,0,690.6597311910785,0
952,20,F,Seoul,N,0,552.665954141744,0
953,33,F,Daejeon,Y,3,773.5380884951627,0
954,40,M,Seoul,Y,5,819.354718047773,1
955,74,M,Gwangju,Y,4,824.5797988549332,0
956,28,F,Daejeon,N,0,361.8519296428608,0
957,29,F,Other,Y,2,587.8479823780199,1
958,27,F,Gwangju,Y,1,349.0677181269139,0
959,49,F,Other,Y,3,512.8607913279321,1
960,33,M,Busan,Y,5,300.0,0
961,25,F,Gwangju,Y,5,683.0373288495282,0
962,55,M,Busan,Y,2,650.7033489812244,1
963,29,M,Gwangju,Y,2,559.4358450820528,1
964,41,F,Gwangju,Y,3,509.2392645229578,0
965,45,M,Busan,Y,1,663.9644274095139,1
966,70,M,Daejeon,Y,5,478.4009100080465,1
967,25,M,Seoul,Y,3,468.8753039325743,0
968,75,M,Other,N,0,451.6617317291407,0
969,45,F,Gwangju,N,0,591.4622696965891,0
970,53,F,Other,N,0,538.4769402654132,1
971,43,M,Busan,Y,4,566.2066774150861,0
972,25,F,Other,Y,4,693.0532236026224,1
973,75,F,Busan,N,0,754.8615246803299,1
974,77,F,Other,Y,3,823.0673098854239,1
975,67,F,Seoul,Y,5,628.4191769155609,1
976,45,F,Seoul,Y,3,668.6624743587878,0
977,45,M,Seoul,Y,5,646.4384899983279,0
978,54,F,Seoul,Y,2,385.6140021660535,1
979,58,F,Seoul,N,0,568.2424121640479,1
980,53,F,Seoul,Y,3,568.8862488163071,0
981,44,F,Busan,Y,5,548.4862043922544,0
982,71,M,Gwangju,Y,3,614.2684939933627,0
983,80,M,Other,Y,3,589.272722549994,0
984,34,M,Seoul,Y,5,481.91425305049194,0
985,26,M,Busan,N,0,598.8563664614126,0
986,50,F,Busan,N,0,530.5329444080957,0
987,70,M,Busan,Y,5,300.0,0
988,37,F,Gwangju,Y,1,424.4103511565351,1
989,30,F,Other,N,0,632.448005613831,1
990,45,F,Gwangju,Y,3,772.8647839815753,0
991,65,F,Daejeon,Y,4,300.0,0
992,46,F,Busan,Y,3,498.14517127448795,1
993,30,M,Daejeon,Y,3,680.4035367592663,0
994,63,M,Seoul,Y,5,742.9473649254435,1
995,52,M,Seoul,Y,3,561.1841013793575,0
996,78,M,Gwangju,N,0,524.4104698210504,0
997,23,F,Other,Y,3,790.759504984627,0
998,35,M,Daejeon,Y,4,731.4529788397996,1
999,68,F,Other,Y,5,,1
1000,22,M,Gwangju,Y,3,554.4710396512957,0
